v_sku,v_nickname,v_rating,v_content,v_status,v_date_added
Aviators_24,Ben,5,Great off shore glasses,1,2021年4月21日 00:00:00
Aviators_24,Janet,5,Son súper cómoda,1,2021年3月26日 00:00:00
Aviators_24,Jennifer Miller,5,"Wow, I love these sunglasses.  I’ve owned Costa Sunglasses for over 22 years.  These are my favorite pair.  Going from the Fantails to these Tuna Alley’s.  The biggest difference I see is that the Tuna Alley’s have the 3 small holes that allow the glasses to “breathe”. My Fantails did not have these holes and would constantly fog up. Lens quality and clarity is fantastic.  Typical great Costa’s",1,2021年3月24日 00:00:00
Aviators_24,Carlos M.,5,I bought these straight from Costa not knowing you could buy them from Amazon. I use the copper silver mirror for fly fishing and I love them. I am super happy with them and have use them a lot on the water. I have been using the wrong retainers that were way to small for the sunglasses and I ended up bending that back part of the frame that goes near my ear. Just recently found out Costa has  retainers that would specifically fit the tunna alleys. These are really good sunglasses but they are a little too techy to wear around town,1,2021年3月16日 00:00:00
Aviators_24,Jessica L.,5,Great pair of sunglasses.,1,2021年1月19日 00:00:00
Aviators_24,Amazon Customer,5,Great sunglasses,1,2021年1月14日 00:00:00
Aviators_24,Sarah Folan,5,"My husband loves his new costas!!!! Great price, delivered on time and was exactly what he wanted!",1,2020年12月29日 00:00:00
Aviators_24,Donald,5,Worth the money,1,2020年11月9日 00:00:00
Aviators_24,Jody R. Claybourn,4,Costa sunglasses are always top notch.  I've got 5 different styles and have never had an issue with quality.,1,2020年11月8日 00:00:00
Aviators_24,Anelina,5,My husband likes them very much.,1,2020年11月3日 00:00:00
Aviators_24,Shawn,5,These glasses are so freaking clear,1,2021年4月13日 00:00:00
Aviators_24,Chris Mitchel,5,"Whether you are a boater or not, these sunglasses provide outstanding quality and clear viewing with the glass lenses. Everything is enhanced and make for a really great experience no matter what activity you might be doing in the bright sun.",1,2021年4月12日 00:00:00
Aviators_24,Bradd,5,"The real deal! I was worried at such a discounted price they would be defective or the plastic lenses but nope. Brand new, no defects and the 580g glass lens. Before I ordered these costa’s I went to cabelas sporting good store to check em out and this exact same sunglasses $269 which is crazy, I went home and checked Amazon and got em about 50% less than retail for exact same thing. Very satisfied with my purchase. By the way, the glass lenses have a “580” engraved on the right lens... the plastic lenses have a “580P” engraved.",1,2021年3月12日 00:00:00
Aviators_24,Wesley Eshenbrenner,5,I love the look and the value !,1,2020年12月15日 00:00:00
Aviators_24,Kathy B,5,I'D BUY THEM AGAIN.,1,2020年7月11日 00:00:00
Aviators_24,Amazon Customer,5,I don't buy much on the amazon but this glasses was the best product I buy out of amazon. I am happy of the buy,1,2020年6月14日 00:00:00
Aviators_24,April D.,5,I wear these everyday!  Best sunglasses I have ever owned!!!,1,2021年4月23日 00:00:00
Aviators_24,Denise Chmielewicz,5,Perfect for Florida... fit excellent and polarized to perfection,1,2021年4月8日 00:00:00
Aviators_24,Amazon Customer,5,Very nice,1,2021年3月13日 00:00:00
Aviators_24,LaurieT,5,"Fit great, look great on. Made super well. Nothing flimsy here! Love them!",1,2021年2月27日 00:00:00
Aviators_24,M. Corporon,5,"They have a weight to them that I appreciate.  The design is cool and I love the shades...makes my eyes see everything I want, especially in bright sunlight. Thank you!",1,2021年2月6日 00:00:00
Aviators_24,Christopher E Douglas,5,"My wife absolutely loves these glasses. They are a larger frame with great polarization! I will admit that the case was delivered with a zipper tooth missing , contacted the seller, they sent out a replacement case immediately. Got it in 3 days!",1,2021年1月6日 00:00:00
Aviators_24,John Shipley,5,Great product!,1,2021年4月19日 00:00:00
Rectangular_18,scott,5,Read other reviews that said lens wasn't glass etc.,1,2021年4月17日 00:00:00
Rectangular_18,A,5,"I bought these for my husbands birthday and he's a huge fisherman, He absolutely loved them!",1,2021年3月18日 00:00:00
Rectangular_18,Amazon Customer,5,"Best sunglasses I've ever owned. They are nice, clear and make everything look awesome ??",1,2021年3月15日 00:00:00
Rectangular_18,Raul Requena,5,"Solid construction, fit perfect in my big head!!!  Amazing clear view.",1,2021年2月24日 00:00:00
Rectangular_18,Mountain Man,5,"Best Costa sunglasses I have ever owned, larger frame is a great fit, glass lenses are super clear.  Did not notice any difference in the weight over poly carb lenses. Costa lenses are a Total game changer for fishing. Purchased from Great Lakes Outfitters, excellent customer service and customer experience.  Highly recommend Great Lakes Outfitters!!",1,2020年3月20日 00:00:00
Rectangular_18,Lynda M Walker,5,Great fit. Just as described. Lightweight and comfortable.,1,2020年2月20日 00:00:00
Rectangular_18,Tony Hopkins,5,"The sun glasses came as represented, great quality, light weight, made is USA (according to the box), genuine Coasta product.  The price was right and have owned a few pairs of ""top end"" sun glasses and these have the features and build quality matching other brands in this price range.  Received with case, cleaning cloth and delivered inside Coasta box.  Happy with my purchase.",1,2021年4月15日 00:00:00
Rectangular_18,Sandra Woolheater,5,He loves them !,1,2021年1月4日 00:00:00
Rectangular_18,Go irish,5,love these glasses. I will only Buy Costa from now on. Everything about the sunglasses are perfect. Very fast delivery and well-packaged.,1,2020年8月5日 00:00:00
Rectangular_18,Amazon Customer,5,"Ordered Tuna Alley style but retailer was sold out.  Tried the Jose, very close to Tuna Alley.  Love the fit for larger head,",1,2020年7月31日 00:00:00
Rectangular_18,Thomas D.,5,Best sunglasses I've been wearing costumes for 35 years nothing beats them for fishing and all around everyday use,1,2020年5月20日 00:00:00
Rectangular_18,mike,5,Not like the picture but read details. The best sun glasses out there I jus bought one more to have.  They fit perfectly and love the look. Worth the price and if they break send them in for 10 bucks and get a new pair.,1,2020年5月4日 00:00:00
Rectangular_18,Raymond,5,Excellent,1,2021年4月21日 00:00:00
Rectangular_18,Familyman7280,5,"They are straps and are Costa, the quality speaks for itself like the name.",1,2021年4月7日 00:00:00
Rectangular_18,S Kevin Jones,5,So far this product has been performing well.  No issues in the first couple weeks of use.,1,2021年4月5日 00:00:00
Rectangular_18,Douglas Parsley,5,Would like the rubber grommets to be a little more accepting (I wear Slack Tides) but this is a good lanyard.,1,2021年1月7日 00:00:00
Rectangular_18,Amazon Customer,5,Work,1,2021年1月3日 00:00:00
Rectangular_18,JJ Parrish,5,Works with Ray Bans,1,2020年12月21日 00:00:00
Rectangular_18,Layton C,5,"Whether you own a pair of Costa sunglasses or not, these set of straps work really well. Just bought a second one, as the first one wore out after four years of heavy use. Worth it!",1,2020年11月8日 00:00:00
Rectangular_18,Droppin Hz,5,Great strap. Attaches to the ends of the arm not in front of your ears so doesn’t hit the side of your face. Buying 2 more,1,2020年10月2日 00:00:00
Rimless_4,Manny,5,"I looked a long time for something that would fit the arms of my glasses, which are the thinner design at the ends where these would connect. These are easy to fit and never come off. They are light so I actually forget they are even on. I like that they don't make me look like a geek or an old guy! LOL!",1,2020年8月30日 00:00:00
Rimless_4,Richard Peel,5,"Perfect for fishing, light and comfortable.",1,2020年8月20日 00:00:00
Rimless_4,B,5,The glasses are so comfortable and nice!!,1,2021年4月25日 00:00:00
Rimless_4,Vanessa,5,N/a,1,2021年4月24日 00:00:00
Rimless_4,Ryan Burris,5,This is the second pair I have bought off of Amazon. Love the look and fit. The price here is always great. Will probably buy more.,1,2021年4月21日 00:00:00
Rimless_4,Joe Princiotta,5,The glasses were just as described in the overview. Very lightweight and comfortable,1,2021年4月16日 00:00:00
Rimless_4,Barrie L.,5,This was a birthday gift for my husband. He put them on for a test drive. Its hard to buy sunglasses for someone else. He mentioned the comfort on his nose and it wasn't too tight behind his ears. Whew !! I hit the mark on this one.,1,2021年4月14日 00:00:00
Rimless_4,Amazon Customer,5,Love my Costas. This is my 2nd pair. I wo t buy any other brands,1,2021年4月12日 00:00:00
Rimless_4,Johnathan M.,5,"Really great size. Not huge, but a good size, and fits the face well. Lightweight, but feel like quality.",1,2021年4月9日 00:00:00
Rimless_4,SEA Dude,5,"Have always heard how awesome Costa sunglasses are... and the hype is real! Theres a reason why people who live in the sun, often on a boat wear these glasses. They are extremely comfortable, very stylish, and perform. I have owned many different pairs of polarized sunglasses in the past, but these lenses are the clearest I have ever worn. I opted for the glass lenses and they are still very lightweight. I have a medium sized face and opted for the smaller ""Rinconcito"" model and they fit great, still on the large side, but very stylish and have great coverage for my face. Highly recommend these shades!",1,2021年4月6日 00:00:00
Rimless_4,Keith Mullis,5,"Thought the clips for the ear pieces would be uncomfortable, but you can even tell that they are there.",1,2021年4月12日 00:00:00
Rimless_4,Chris Krudis,5,Loved everything about the product,1,2021年3月5日 00:00:00
Rimless_4,Jorge Rivas Fernandez,3,Cambiaría o mejoraría los enganches por algo menos vistoso y más cómodos.,1,2021年2月24日 00:00:00
Rimless_4,Bailey Girl,5,"The fasteners are great, clip is sturdy and looks great",1,2020年11月1日 00:00:00
Rimless_4,mountainman3476,5,Great.,1,2020年3月4日 00:00:00
Rimless_4,Douglas K.,5,They fit my Spearo and just work very well.,1,2020年2月23日 00:00:00
Rimless_4,Elizabeth Kelley,5,"It was exactly as I expected, just what I was looking for thank you.",1,2020年1月16日 00:00:00
Rimless_4,Joseph Traylor,5,Love the color and quality of material,1,2021年4月23日 00:00:00
Rimless_4,Steelheadmutha,5,Safety/ Sun/ prescription glasses. I use these for almost all my glasses retention.,1,2021年4月7日 00:00:00
Rimless_4,Kindle Customer,5,Very good product for the money,1,2021年4月3日 00:00:00
Rimless_4,Kyle Chermansky,4,"I like everything about it other than they way it secures to the ear piece.  If you wear any kind of headphones which I do for exercise and at work it squeezes the plastic piece to your head and starts to ache after a while. If you’re not a person that wears headphones then this is a great product!  It has a pretty good length for people who want their glasses to hang lower, but also adjustable if you want shorter.",1,2021年3月13日 00:00:00
Rimless_4,Young0802,5,Ear peices didnt connect the way I expected..but it's fine. Doesnt hurt or rub my ears.,1,2021年3月4日 00:00:00
Rectangular_5,Amazon Customer,5,Perfect for people who wear sunglasses a lot but don’t like putting them on top of their head.,1,2020年11月9日 00:00:00
Rectangular_5,Lena,5,Perfect for my Costa sunglasses!,1,2020年10月20日 00:00:00
Rectangular_5,Matt,5,Fitted great and simple to install!,1,2020年10月12日 00:00:00
Rectangular_5,Karen B.,5,Product does what it is suppose to!!,1,2020年9月28日 00:00:00
Rectangular_5,Blanca colon,5,Igual,1,2020年9月28日 00:00:00
Rectangular_5,Sue Dewitt,4,"They do not seem quite as sturdy as my pair with glass lenses, but I love wearing them.",1,2021年4月19日 00:00:00
Rectangular_5,David Brown,4,My wife does not like sporty looking glasses. But she loves these. They are not to dark and fit a smaller head and face perfectly.,1,2020年12月27日 00:00:00
Rectangular_5,SPD,5,Lenses make everything look clear. Style is awesome,1,2020年12月20日 00:00:00
Rectangular_5,poptart727,5,Love these shades.. & my favorite color,1,2020年9月28日 00:00:00
Rectangular_5,Maryann Gray,5,I love them. List my first pair after double cataract surgeries.  Will never wear anything else.,1,2020年8月29日 00:00:00
Rectangular_5,Tanya M Barnett,5,Looks great!!,1,2020年8月9日 00:00:00
Rectangular_5,Jeanne B from Lawrenceville,5,Love how the glasses totally cover my eyes.,1,2020年7月29日 00:00:00
Rectangular_5,K,5,Awesome! I love the feel and look of these. They fit my narrow face and relax my eyes.,1,2020年7月10日 00:00:00
Rectangular_5,Viviana,5,Great sunglasses! Came in on time and were in great condition when received. Trying to add as many useful photos to this review as when I was considering purchasing them I couldn’t find what they looked like on an actual person. These sunglasses came in a cork case. Would definitely recommend purchasing these!,1,2021年3月25日 00:00:00
Rectangular_5,Fernando Gonzalez,5,"Driving, fishing, waking, pretty much for everything",1,2020年12月16日 00:00:00
Rectangular_5,lee63,5,"Absolute perfection, the best sunglasses I’ve ever owned",1,2020年12月15日 00:00:00
Rectangular_5,Cynthia J.,5,They fit snug....wont fall in the water while fishing.  Super comfortable.,1,2020年11月26日 00:00:00
Rectangular_5,Perseus,5,"I love Costa's. They are great lenses. Theses South Points fit securely on your head. My wife was in Naples with friends who were wearing super expensive designer sunglasses. She said here try these, they tried them and then asked are these prescription glasses. Needless to say they saw things threw the Costas that they were missing through their over priced Designer glasses.",1,2020年10月20日 00:00:00
Rectangular_5,Matt Chmura,5,excellent glasses,1,2020年9月16日 00:00:00
Rectangular_5,Amazon Customer,5,Very good,1,2020年8月31日 00:00:00
Rectangular_5,Amazon Customer,5,GREAT  SUN GLASSES  VERY  HAPPY  WITH THEM,1,2020年7月2日 00:00:00
Rectangular_5,markiplier,5,Love love love these.  Great fit for someone with a small face.,1,2020年12月27日 00:00:00
Rectangular_5,AZ Mike,5,"Awesome glasses, great product and well made.  Would purchase again and definitely recommend.",1,2020年7月25日 00:00:00
Rectangular_5,Christian Munoz,5,Perfect super satisfied,1,2021年4月24日 00:00:00
Rectangular_5,Emily,5,The real deal,1,2021年4月13日 00:00:00
Classic_8,wesley wyant,5,Look good feel good,1,2021年4月12日 00:00:00
Classic_8,Hayden Mayberry,5,"Was kinda skeptical on if they were real or not, but they definitely are!",1,2021年4月8日 00:00:00
Classic_8,M.Lapointe,5,Love this model. Sturdy and light. Good quality polarized lens,1,2021年3月7日 00:00:00
Classic_8,Amazon Customer,5,Glasses were awesome!,1,2021年1月20日 00:00:00
Classic_8,Cecilia,5,My boyfriend loves them,1,2020年10月29日 00:00:00
Classic_8,joe,5,Nice glasses,1,2020年9月17日 00:00:00
Classic_8,brian karr,5,"As advertised, fast shipping!",1,2020年8月9日 00:00:00
Classic_8,Kate,3,I received these as a gift. 1st time ever having Costas.,1,2020年5月28日 00:00:00
Classic_8,Samchef,5,Great product. 5 stars ?????,1,2021年4月24日 00:00:00
Classic_8,Jason B.,5,These lenses are absolutely incredible. You won’t be disappointed.,1,2021年4月6日 00:00:00
Classic_8,Rey,5,Great value and quality product,1,2021年2月27日 00:00:00
Classic_8,Rebecca Robbers,5,They cut the glare great.,1,2020年12月30日 00:00:00
Classic_8,Robert Ashe,5,"Like the Costa Del Mar brand, durable sunglasses...ordered 2 pair. Packaging & info enclosed was helpful.",1,2020年11月8日 00:00:00
Classic_8,Lee Meredith,5,Fishing,1,2020年9月14日 00:00:00
Classic_8,Jeffrey R Lampson,5,Great glasses I love them so far I've only had him for about a week hopefully they won't scratch like they say,1,2020年8月2日 00:00:00
Classic_8,Julie,5,Great glasses my husband loves them,1,2020年7月28日 00:00:00
Classic_8,Rob S.,5,Love them. Worth getting glass lenses,1,2021年3月24日 00:00:00
Classic_8,Jim Waller,5,I have never looked better!  lol,1,2021年1月19日 00:00:00
Classic_8,"Jon S,",5,Costa Mag Bay's are the best for someone with a square jaw rectangular head. Get/Black are awesome.,1,2020年9月1日 00:00:00
Classic_8,John  Ferguson,4,Mine were stolen. Seller couldn't. Sale expat same pair,1,2020年7月26日 00:00:00
Classic_8,mattihs27,5,"These glasses look great, but more than that the lenses are top notch. Great polarization. I use for fishing and driving.",1,2020年7月5日 00:00:00
Classic_8,gael catalano,5,Bought these for my son's birthday and he loves them.  He's an avid boater and runner so they,1,2020年5月12日 00:00:00
Classic_8,Tristan,5,There nice sunglasses and they’re actually real,1,2020年3月22日 00:00:00
Wrap_5,Amazon Customer,5,Great ! Love them,1,2020年2月6日 00:00:00
Wrap_5,Vaughn Thacker,5,Love the sunglasses everything I thought they would be,1,2020年1月4日 00:00:00
Wrap_5,Frank,5,Awesome shades,1,2020年7月20日 00:00:00
Wrap_5,Snuka,5,"Will only buy Costa's, service and shipping excellent.",1,2020年7月19日 00:00:00
Wrap_5,John A.,5,These are absolutely amazing,1,2020年3月6日 00:00:00
Wrap_5,Steven Danford,5,Fast delivery. Product As advertised,1,2020年2月5日 00:00:00
Wrap_5,Robert A. Usher III,5,"These are some of best glasses I have every had. The only thing better was the old Costa Deep Blue DB-10 frames in tortoise. Anyway these are the widest, most comfortable frames made by Costa. Try to keep them away from insect repellant and sunblock because these will degrade the rubber padding on the frames.",1,2020年1月13日 00:00:00
Wrap_5,HECTOR LUIS AGREST,5,Good lenses,1,2020年1月3日 00:00:00
Wrap_5,Jean underwood,5,Loved it,1,2019年10月11日 00:00:00
Wrap_5,clifton meneley,5,Great glasses,1,2019年9月17日 00:00:00
Wrap_5,josetijerina,5,Very great product,1,2021年4月11日 00:00:00
Wrap_5,Jv,5,Best shades ever worth every dollar!!,1,2021年3月6日 00:00:00
Wrap_5,Amazon Customer,5,My husband loves them!,1,2021年1月19日 00:00:00
Wrap_5,jake,4,"Did not really fit my face well, sat too much on my cheeks and caused glasses to fog up.",1,2020年10月1日 00:00:00
Wrap_5,John Ellis,5,Awesome shades.,1,2020年9月15日 00:00:00
Wrap_5,Justin Barnes,5,"5th pair of Coast sunglasses, can't beat the clarity and comfort.",1,2020年9月6日 00:00:00
Wrap_5,Amazon Customer,5,amazing product.  amazing price,1,2020年9月1日 00:00:00
Wrap_5,Jason Whiting,5,Great glasses,1,2020年3月22日 00:00:00
Wrap_5,Amazon Customer,5,Great,1,2020年3月20日 00:00:00
Wrap_5,Amanda Leger,5,Came in within 3 days. My boyfriend loves them!!!,1,2021年4月19日 00:00:00
Wrap_5,ROBERT PEREZ,5,Great glasses  love the fit,1,2021年4月19日 00:00:00
Wrap_5,Tsnell,5,Excellent sun glasses and a great value.,1,2021年4月19日 00:00:00
Classic_33,Lisa Thigpen,5,This is the second time I've ordered these glasses from this seller. Delivered faster than expected,1,2021年1月10日 00:00:00
Classic_33,Amazon Customer,5,Bien comodos,1,2020年9月25日 00:00:00
Classic_33,M. Joy,5,"Costa makes the best shades in the $100-$200 neighborhood. They have mega-pairs to choose from to embrace any desired styling. You will find correct form, fit, and function in spades, without reservation.",1,2020年9月2日 00:00:00
Classic_33,Amazon Customer,5,Driving,1,2020年8月29日 00:00:00
Classic_33,Chris L.,5,Great price for these sunglasses,1,2020年7月22日 00:00:00
Classic_33,Jeffrey Barris,5,Best sunglasses I have ever have.  Glad I did my research to find the clearest lenses on the market. No glare and my eyes don’t get fatigued.  I even use them at night in my room watching TV as it filters out the blue light that affects my ability to fall asleep. Still very clear for a bright TV at night.,1,2020年6月30日 00:00:00
Classic_33,Sallie Wytaske,5,I bought these for my fiancé because he complained about his other glasses being too bulky and hot. These are lightweight and don’t cover the face too much. He loves how comfy they are. They’re a great pair of glasses.,1,2019年7月21日 00:00:00
Classic_33,Gerson,5,I like but very small for me,1,2021年4月19日 00:00:00
Classic_33,beefalo,5,"Long time costa user - love their lenses, but normally have trouble finding a frame/style that i like (more of a wire-frame type of person). I have been using the now discontinued Palapa glasses from Costa for 2 years and they have been great (480 green mirror). Comparing these new Turrets to them is night and day. The first thing you notice is how lightweight the Turrets are... not on the level of Maui Sports, but very very light and they feel very sturdy and premium. For me personally, they also fit my head much better, and the bridge is much more snug - but not tight.",1,2019年2月26日 00:00:00
Classic_33,Fabien Sender,5,Really good quality,1,2021年3月11日 00:00:00
Classic_33,Erin Reinhart,5,My husband loved them. A great deal too.,1,2021年3月8日 00:00:00
Classic_33,Madison,5,good,1,2020年7月12日 00:00:00
Classic_33,Nataly G.,4,"Quality is very good, excellent.",1,2020年7月12日 00:00:00
Classic_33,yvonne,5,Excellent service and delivery fantastic glasses would recommend,1,2020年6月29日 00:00:00
Classic_33,Chip mccarthy,5,"Fits perfect, comfortable,will buy another pair in future!!!!",1,2020年6月24日 00:00:00
Classic_33,Gloria A.,5,Love them!,1,2020年5月6日 00:00:00
Classic_33,LILUMBEE,5,Love my Costas!!,1,2020年1月5日 00:00:00
Classic_33,catherine,4,"I ended up returning the Isabelas and went out and bought the Gannet sunglasses. Isabelas have a wide bridge. They didn’t slide down but would only sit 1/2” from my eyebrows. Sunglasses should at least be just below the brows and line up with the hairline when viewed from head on. Everything about these are extraordinary. They are well made and beautiful. The clarity is incredible. This was my first pair and will be the only brand I buy now. The website for Costa has good suggestions for sizing. I bought the Isabelas from Amazon and they were authentic. Research what to look for in fakes, I took them to our Costa store to make absolutely sure.",1,2021年4月9日 00:00:00
Classic_33,Renee Jackson,5,They Are NOT THE ONES I ORDERED BUT I DO LOVE THEM!!! WASN'T GOING TO GO THROUGH ALL THE HASSLE OF SENDING THEM BACK>>>> SO I AM GOING TO WEAR THEM AND TAKE CARE OF THEM!!!,1,2021年4月8日 00:00:00
Classic_33,dan carrigan,3,I ordered green lenses and I recieved blue. The picture shows more green in the tort frames but they are so dark they look black.,1,2021年2月5日 00:00:00
Classic_33,Amazon Customer,5,Great quality and optics from COSTA. its all i wear.  Get them if your in the sun all day,1,2021年1月7日 00:00:00
Classic_33,Heather,5,Best purchase I’ve ever made through Amazon!,1,2020年8月13日 00:00:00
Classic_33,E Schaub,5,These were a replacement for the same pair I purchased locally.  I saved over $100 buying these from Amazon.  Well worth the price!,1,2020年6月11日 00:00:00
Classic_33,Brittney S,5,"I had these exact sunglasses from a few years ago, my husband got them at a big retailer for double the price. It was time for a new pair so I decided to check amazon and took the chance since the price was so good. They are exactly the same as the ones I had before and I love them! I would definitely recommend them!",1,2020年3月10日 00:00:00
Classic_33,Todd Fesmire,5,Love these glasses!,1,2020年2月29日 00:00:00
Aviators_23,Tony Hopkins,5,"The sun glasses came as represented, great quality, light weight, made is USA (according to the box), genuine Coasta product.  The price was right and have owned a few pairs of ""top end"" sun glasses and these have the features and build quality matching other brands in this price range.  Received with case, cleaning cloth and delivered inside Coasta box.  Happy with my purchase.",1,2021年4月15日 00:00:00
Aviators_23,Sandra Woolheater,5,He loves them !,1,2021年1月4日 00:00:00
Aviators_23,Go irish,5,love these glasses. I will only Buy Costa from now on. Everything about the sunglasses are perfect. Very fast delivery and well-packaged.,1,2020年8月5日 00:00:00
Aviators_23,Amazon Customer,5,"Ordered Tuna Alley style but retailer was sold out.  Tried the Jose, very close to Tuna Alley.  Love the fit for larger head,",1,2020年7月31日 00:00:00
Aviators_23,Thomas D.,5,Best sunglasses I've been wearing costumes for 35 years nothing beats them for fishing and all around everyday use,1,2020年5月20日 00:00:00
Aviators_23,mike,5,Not like the picture but read details. The best sun glasses out there I jus bought one more to have.  They fit perfectly and love the look. Worth the price and if they break send them in for 10 bucks and get a new pair.,1,2020年5月4日 00:00:00
Aviators_23,jeff kennedy,3,Lenses were great just didn't care for the frames. The look was very rough and heavy for sunglasses. Just my personal preference. Also it looked like they were returns. Smudges on lenses and no cleaning cloth. Returned these and ordered a different style straight from Costa website. Better to avoid the middle man I'm thinking.,1,2021年3月29日 00:00:00
Aviators_23,Amazon Customer,5,"Great quality for the price. The best in the polarized game. I find whales and Dolphins for a living, and this has upped my skills tenfold. A little irritating behind the ears due to the grooves on the arms in that area, but otherwise comfortable and lightweight. LOVE that they’re made of ocean plastic too!",1,2021年3月1日 00:00:00
Aviators_23,Dean D.,5,"Let me get this out of the way: these are expensive glasses. And the fit and finish on them is what I will call ""slightly rustic"" due to the fact that they are made from recycled fishnets. However, they have a lot going for them! First off: they're made in the USA. Depending on your location, that could be a major factor for you. The included carrying pouch is very nice as well. And they are made from recycled fish nets, which helps with plastic pollution.",1,2021年1月29日 00:00:00
Aviators_23,JH,4,frames are made from recycled fish nets and the lens quality are out of this world. these lens make all the colors pop and allow your eyes to truly relax.' black' frames do have a grayish tint to the them and the orange lens are not as orange looking as the photo shows BUT great quality.,1,2020年7月29日 00:00:00
Aviators_23,Jeff,4,"Great look, great lens, but the frame is uncomfortable around the ears.",1,2020年3月1日 00:00:00
Aviators_23,Amazon Customer,5,I FREAKING LOVE THEM!!!!!,1,2019年4月28日 00:00:00
Aviators_23,J. D.,5,"For plastic lens sunglasses, these are the best looking, clearest, and best detailed sunglasses I've ever owned.  Maui Jim is also very good.",1,2021年4月8日 00:00:00
Aviators_23,Mike M.,5,Awesome sunglasses,1,2021年3月18日 00:00:00
Aviators_23,Steven Cates,5,Great Fishing or beach sunglasses,1,2021年3月6日 00:00:00
Aviators_23,Devon,5,Costa’s are the best sunglasses!,1,2020年11月5日 00:00:00
Aviators_23,Alexander David Stojadinovic,4,Didn’t like that these were plastic lenses instead of the glass lenses. Everything was identical to my glass pair but these lenses are plastic,1,2020年10月20日 00:00:00
Aviators_23,William Somers,5,"Very comfortable,  lots of compliments",1,2020年9月24日 00:00:00
Aviators_23,RD,5,Just as pictured!,1,2020年9月8日 00:00:00
Aviators_23,Kimo1982,5,Bought this to replace my Ray Bans and I'm so glad I did!  I bought the 580G and it's helped so much with the glare. Excellent quality and price point.,1,2020年8月31日 00:00:00
Aviators_23,Danielle,5,"Not too girly (that part was perfect for me), perfect for outdoors. Nice enough for my boyfriend to steal them, he wears them all the time now.",1,2020年4月3日 00:00:00
Wrap_16,Lawrence S.,5,I was very skeptical. The price just didn’t match the costa website for the same item. I received the glasses and they are exactly as described.,1,2020年1月3日 00:00:00
Wrap_16,CB in nc,5,Great clarity but a bit heavy with the glass lens. I’ll try the plastic lens on next purchase,1,2019年11月4日 00:00:00
Wrap_16,Christopher M. Lee,5,Arrived on time and these sunglasses are costa Del Mar clear. So nice on the water and everyday wear. I have the 580p lenses for reference. Would buy again!,1,2019年8月25日 00:00:00
Wrap_16,"Jaquelyn Kramer.l, Realtor",5,Great sunglasses! They stay on your face even during extreme activities.,1,2019年8月19日 00:00:00
Wrap_16,Angelico Cordero,5,Best sunglasses I've ever owned,1,2019年8月1日 00:00:00
Wrap_16,Aaron Jordan,5,These sunglasses were exactly as advertised!,1,2019年6月9日 00:00:00
Wrap_16,John L.,5,"Very satisfied with the sunglasses. I was fortunate enough to get a great price, and from order date to home in 5 days!",1,2021年4月22日 00:00:00
Wrap_16,Amy R.,5,Love my new sunglasses,1,2021年3月24日 00:00:00
Wrap_16,Adam,5,Fast shipping they are what I ordered they fit,1,2021年3月22日 00:00:00
Wrap_16,Delia Caballero,5,Nice to wear,1,2021年3月20日 00:00:00
Wrap_16,Douglas,5,This is my second pair of Costa Sunglasses and love them.,1,2021年2月28日 00:00:00
Wrap_16,Sean Grace,5,These are fantastic!,1,2021年2月14日 00:00:00
Wrap_16,John,5,If you feel a special man this is is the right sunglasses for you.,1,2021年1月14日 00:00:00
Wrap_16,BoTexas,4,light weight easy to wear,1,2021年1月1日 00:00:00
Wrap_16,Phil-Am Adventures,5,"Awesome my husband love it. The problem is I was included a gift message. I expected also is wrapped as a gift. But nothing comes out what I had expected. Overall the sunglass was perfect, clear and comfortable very light my husband so happy with it.",1,2020年12月14日 00:00:00
Wrap_16,Sneaker,4,Too small,1,2019年5月5日 00:00:00
Wrap_16,Amazon Customer,5,Love them,1,2018年11月27日 00:00:00
Wrap_16,Megan Movalson,5,Great polarized sunglasses. I got them for my fiancé and he loves them. He has a smaller head so they fit great.,1,2018年3月21日 00:00:00
Wrap_16,NWMI Uplander,5,Fit and look is great. Great lens clarity. Makes driving easier for the eyes. It will be interesting to see how they do out fishing. The wayfarer frame may be too open for the water but we will see.,1,2017年3月20日 00:00:00
Wrap_16,JB,3,"Nice style, lense clarity is very good. They are a little flimsy though. Would have given them a 4 if not for that.",1,2017年2月6日 00:00:00
Wrap_16,A. A. Tait,5,Love it.  Perfect,1,2016年11月14日 00:00:00
Wrap_16,Bryan Hall,4,"Well they wasn't glass lenses ,like I wanted . But they fit perfect and there a lot more crisp, looking through them from my tuna ally ones . Great for driving, I'm really impressed on the fit and feel... I recommend them if your not using them for fishing..",1,2016年7月13日 00:00:00
Wrap_16,Kathi Davis,5,"Speedy delivery, great sunglasses!",1,2014年10月9日 00:00:00
Aviators_22,vanessa gray,3,I bought these as a spare pare of glasses to leave on my boat.  I got the 580p lens everybody recommended.  The lens is great!,1,2013年12月6日 00:00:00
Aviators_22,Dawn Perrin,5,"Good fit, quality material, look great.",1,2020年12月7日 00:00:00
Aviators_22,Colleen,5,Love these!,1,2021年3月11日 00:00:00
Aviators_22,staci b,5,Got these for my Husband and absolutely loves them!  Best he has ever had!,1,2018年7月31日 00:00:00
Aviators_22,Dillon Leech,5,I loved my Costas but eventually they did break.  Contrary to the last review I called Costas repair line today and the glasses were discontinued so they could not fix them but they said I could pick out any pair of glasses I wanted for the price of what the repair would be.  I am now paying ten dollars for a new pair of costas great customer service great glasses great company.,1,2015年5月18日 00:00:00
Aviators_22,Chris,3,"Nice design but color is not the same as what's shown on the website....finish is a little more transparent and not that ""matte"" appearance you see on the site. I also didn't like that people can see your eyes pretty easily through the lens....was expecting to be more reflective.",1,2015年2月16日 00:00:00
Aviators_22,Daniel Dub,5,Costa Del Mar is a excellent brand of sunglasses. Living in FL I would not own another brand. Amazon offered me a great product at a good price and excellent shipping.,1,2014年3月16日 00:00:00
Aviators_22,Ron,5,"Christmas gift for my son, and he loves them!",1,2020年12月29日 00:00:00
Aviators_22,Richard Peel,5,good product,1,2020年8月6日 00:00:00
Aviators_22,WADE,3,"Costa is now in my opinion and in the last several years the gold standard for sunglasses and all I will wear (yes it gets expensive lol) When I received these, the frame was slightly tweaked, nothing to do with hinges or wearability. Just enough to be annoying when buying such a high end pair of sunglasses. Took them to a local prescription glasses store as was recommended by the representative at my local sunglass hut inside cabela's. They apply some heat on the plastic just enough to be pliable and straighten them out. This did cost me money to get done. It was nitpicky and again didn't affect overall wearability. Highly suggest the aransas over ray ban if you're looking for a wayfarer style frame",1,2020年7月17日 00:00:00
Aviators_22,s.alwazir,5,Love everything about the glasses,1,2020年2月2日 00:00:00
Aviators_22,ngoc a.,5,I bought this for my husband and he loves it. Sturdy and trendy.,1,2020年1月12日 00:00:00
Aviators_22,AcidBaby,5,"Love glass lenses, once you go to glass polycarbonate is never good enough again.",1,2019年12月26日 00:00:00
Aviators_22,alman,5,100% Authentic. Literally ordered these Thursday received them Friday. Seller very responsive to messages and questions. Why pay $250 when this seller offers legit Costa glasses for $100 less. No brainer. Now on to the glasses. I have high end Oakley’s and ray bans.. even Oakley’s with revant elite replacement lenses and these 580 g lenses are absolutely ridiculous. No glare crystal clear clarity and full on polarized. Anyone who spends a lot of time near water I highly recommend.. don’t be cheap either and go with the plastic lenses... try actual glass lenses and you won’t go back!,1,2019年9月13日 00:00:00
Aviators_22,Johnny L. Patrona,5,Value for money,1,2021年4月24日 00:00:00
Aviators_22,edwin abrille,5,The lens quality is superb. The scratch resistant is great. I've dropped them and  had it hit the dirt. On other pairs would be damaged or scratched. These had no blemish or marks on the lens. So very durable. But the best part about them is that the clarity of the lens is amazing. Soothing in bright sunlight and cuts through the glare without having to squint. I own several pairs of expensive brand sunglasses. I feel the lenses are more clear then my most expensive glasses. Also the style is very complimenting. Seems to be very similar to holbrook's which I like a lot. The frames are extremely durable and will take plenty of abuse without having to worry that your going to break or snap the arms. I accidently sat on them. I have to I was extremely surprised that it survived the rear end crush test.,1,2021年4月22日 00:00:00
Aviators_22,Danny G. Gonzalez,5,Value for the $,1,2021年4月22日 00:00:00
Aviators_22,Claudia B,5,"I like all features. Used for driving,sitting outside.",1,2021年4月22日 00:00:00
Aviators_22,Bi Oli,5,Very good !!,1,2021年4月22日 00:00:00
Aviators_22,A R Garcia,5,"Great styling, good quality, very good value. What more could anyone ask for?",1,2021年4月21日 00:00:00
Aviators_22,Ali,5,They are beautiful and elegant glasses.  But it may be a bit heavy for the glasses that I used previously,1,2021年4月21日 00:00:00
Aviators_22,Patrick Cardwell,4,"Lenses scratched within a few days of regular wear and tear. They’re reasonably lightweight, but not as light as my old pair of RayBan Wayfarers. I bought these as a test run for Oakley Holbrooks. They’re easier on the wallet, but I’m disappointed they scratched so easily. Decent sunglasses for the price.",1,2021年4月21日 00:00:00
Aviators_22,Taha A.,5,Everything ok so far. But too early for a review,1,2021年4月18日 00:00:00
Aviators_22,Adrienne,5,Love the style & polarization,1,2021年3月24日 00:00:00
Aviators_19,Amanda,5,"I was concerned about purchasing these on Amazon for authenticity purposes. These have the 580 etched in the lens. They are comfortable fitting. They kind of round-out around the head and grab behind the ear. They have a bit of metal in the legs so you can bend and adjust to your comfort level to some extent. They are front heavy, due to the glass lenses. The picture shows everything they came with, except for the box and a sticker. I dig 'em.",1,2020年9月21日 00:00:00
Aviators_19,Amy D Rowell,5,Love these glasses!!!,1,2020年8月31日 00:00:00
Aviators_19,shelley822,5,Love these glasses.  I bought them for driving not fishing - PERFECT!,1,2020年5月30日 00:00:00
Aviators_19,Lyndsey Gilbert,5,I was questioning purchasing these as I’ve always worn the “Riverton” style but I was so pleased with the quality and style of this pair !! Would definitely purchase again !,1,2020年3月8日 00:00:00
Aviators_19,Victoria McLaren,5,"My favorite sunglasses yet, Love them more than my Ray-Ban‘s and my Kaenon",1,2020年2月29日 00:00:00
Aviators_19,j richards,5,Perfect. Look great. Also they block the sun!,1,2019年12月28日 00:00:00
Aviators_19,Elizabeth Fitch,3,Too wide,1,2019年12月9日 00:00:00
Aviators_19,MJPROVAN,5,"They could be fake..... But I compared with the ones in store, and it's incredibly difficult to tell if they are. Good deal",1,2019年8月31日 00:00:00
Aviators_19,Central Coast Gal,5,Costa Del Mar does not disappoint. Great when out on the water !,1,2021年4月9日 00:00:00
Aviators_19,Kristi Dubberly,5,I ordered these for my husband. They are perfect!,1,2021年3月6日 00:00:00
Aviators_19,Swordfish76,5,"Awesome Costa DelMar sunglasses, very comfortable and sleek design.",1,2020年12月3日 00:00:00
Aviators_19,Shay,5,"My husband is 6’4 with a bowling ball for a head. He has worn the the same pair of Zane Costas for 7 years. His are cracked and worn like no other. I figured it was time to get him a new pair. Sometimes he would complain about them being too tight above his ears so I decided to buy him the Blackfin Costas. The Blackfin has a 62mm width. He said the Blackfin was a better width and the lenses wrapped around the eyes which was great for keeping light out, but he hated the rectangular frame. So we switched the Blackfin back for the Zane and he is a happy camper. They are a little tight on his head but he says they will loosen as he wears them.",1,2020年12月1日 00:00:00
Aviators_19,Dianeyes castro,4,Son perfectas lo único es que dice que los lentes son de vidrio y no es así son plástico,1,2020年9月30日 00:00:00
Aviators_19,Olmedo acosta,4,Is not the same,1,2020年7月20日 00:00:00
Aviators_19,Ronnie Hartzog,5,Very nice shades,1,2020年6月27日 00:00:00
Aviators_19,oscar damera,5,Excellent purchase and fast shipping,1,2020年3月26日 00:00:00
Aviators_19,J,5,I bought these for my teenage daughter for Christmas. She loves them!,1,2020年2月13日 00:00:00
Aviators_19,LowSociety,5,Gotta wait for the sun to finally come out but they fit & look great on my wife!,1,2019年11月2日 00:00:00
Aviators_19,Garcia,5,Good quality sun glasses,1,2019年10月31日 00:00:00
Aviators_19,harley momma,4,These are not as mirrored as I expected them to be. Love the shape & fit & really like the glasses. Wish they had been darker though. But definitely quality product!,1,2019年9月1日 00:00:00
Aviators_19,KMel,5,"Love love love this color and the style. The look great on my face. Also, very quick shipping from the seller.",1,2019年6月23日 00:00:00
Classic_6,edyeser ojeda,5,Good item love it.,1,2019年5月27日 00:00:00
Classic_6,sktrevino,5,This is my 4th pair of costa sun glasses. I love these as they are very light weight. I like the non slip on the nose piece. I have had both plastic and glass lense and would by far recommend the plastic lense. They are so much more lighter on the face especially when your perspiring.,1,2019年2月19日 00:00:00
Classic_6,Robert Burkholder,5,Nice fitment. Good quality glasses,1,2019年2月7日 00:00:00
Classic_6,PBrittain,5,"Love these Costa's. Great price and great look!! The lightest pair of Costa's I own, by far!",1,2019年2月4日 00:00:00
Classic_6,Amazon Customer,5,"Awesome sunglasses, prompt arrival!",1,2019年2月3日 00:00:00
Classic_6,CJB,5,"I just found my new faves! These glasses are beautiful. They fit nicely and are a great frame size and shape for my face. They stay on nicely while out and don’t slip which is a huge plus as I live in a warmer state. I had read so many good reviews on these glasses I decided to order two different styles. I also ordered the Anaa rectangular glasses but they were missing from my delivered shipment today. That being said, customer service quickly responded to my concerned email and we are working to remedy the situation. I will update further when resolved. That is my only reason for 3 stars as I actually very pleased with the glasses I did receive.",1,2020年5月7日 00:00:00
Classic_6,Kindle Customer,5,"Great fit, great frames, great lenses.",1,2019年10月18日 00:00:00
Classic_6,William,5,I love them but they are a little tight in the sides,1,2018年3月14日 00:00:00
Classic_6,Leah Maul,5,Great sunglasses. Light weight and super cute.,1,2017年7月19日 00:00:00
Classic_6,Penny Brown,5,Perfect fit!,1,2021年4月23日 00:00:00
Classic_6,Katie,5,"I love Costa sunglasses. This is my 3rd pair and they didn’t disappoint. I used to be the type to say why on earth do people spend that kind of money on sunglasses, but I totally get it now. Such great quality. These look great and are crystal clear to look through. I keep them in the included case for protection when not wearing them and love the included cloth to wipe them down. If you haven’t bought a pair of costas yet, go for it. I highly recommend the glass lenses.",1,2021年4月17日 00:00:00
Classic_6,Amazon Customer,5,love the colors and fit of the Costas,1,2021年3月23日 00:00:00
Classic_6,Delia Caballero,5,Love the quality and extras.,1,2021年3月20日 00:00:00
Classic_6,Hordearii,5,"I’m a diehard Costa girl! Great look, lasts for years and love the polarized lenses that are perfect for driving, the beach and everyday!",1,2021年3月19日 00:00:00
Classic_6,Claudia Sproul,5,I wouldn’t buy any other brand of sun glasses. They do their job and look fantastic,1,2021年3月5日 00:00:00
Classic_6,melissa,5,Wish I knew they won’t put my eye prescription in them.,1,2021年2月12日 00:00:00
Classic_6,Zach & Summer,5,The best sunglasses!!! Wish I bought them sooner! I am very sensitive to bright light and these sunglasses I don't even squint! They fit so well that I forget that they are even on.,1,2021年1月13日 00:00:00
Classic_6,Steve,5,Good deal,1,2021年4月23日 00:00:00
Classic_6,victoria p,5,Best sunglasses for a narrow face! Bought two pairs. They look great on anyone! Highly recommend!,1,2021年4月18日 00:00:00
Classic_6,Israel P.,5,This model offers an excellent fit and look for a woman with a narrow face,1,2021年4月14日 00:00:00
Classic_6,Vickie Norris,5,Great value. I love Costa glasses for my sensitive eyes.  These were a much better value than if I had purchased them at a sunglasses store or a sporting goods store. If you have a wider face get the Waterwoman II.,1,2021年3月27日 00:00:00
Classic_6,Connie,5,Love being able to see more clearly at the perfect density than any former pair,1,2021年3月23日 00:00:00
Classic_6,Cindy Jackson,5,Just a gorgeous pair of glasses and a great price for the quality,1,2021年2月26日 00:00:00
Classic_6,Scott Prophet,5,She makes them look good so..........,1,2021年2月25日 00:00:00
Classic_6,Lorraine Bour,5,So very comfortable and stylish too.,1,2021年2月17日 00:00:00
Wrap_3,Robin Roden,4,I loved the look of these glasses but they were to small for my head. They didn’t fit.,1,2021年2月16日 00:00:00
Wrap_3,Amazon Customer,5,Gave this to a friend as a gift and they loved them!,1,2021年1月29日 00:00:00
Wrap_3,Tami Q.,5,"Great clarity. Need to have them adjusted a bit, but for the most part the fit nice. Have had many compliments.",1,2020年1月22日 00:00:00
Wrap_3,Robert DiGangi,5,????,1,2019年12月24日 00:00:00
Wrap_3,Amazon Customer,5,"Nice and fast delivery.  These are very nice, a bit wider than I thought but the material is heavy and not cheap like some other costas I’ve ordered. The hinges are tight. Love these!!!",1,2019年12月17日 00:00:00
Wrap_3,BigUnLuke,5,These are great. Fit just like reeftons in a bigger frame and lens.,1,2021年4月10日 00:00:00
Wrap_3,Rick,5,Great glasses,1,2021年3月30日 00:00:00
Wrap_3,Guy T.,5,Nice fitting and nice looking.  Very impressed with these sunglasses!,1,2021年2月25日 00:00:00
Wrap_3,bo hale,5,Looks just how I pictured!,1,2021年1月13日 00:00:00
Wrap_3,Glen,5,"Perfect fit and love the look and colors . These are a perfect fit for my big ol' head ! It's hard to find sunglasses that fit me and I was not a big fan for paying this much for a pair of sunglasses. Because I go through sunglasses often lost,broken,saltwater damage or just don't hold up , but these are perfect . Plus anything goes wrong withe them Costa will replace at no cost to me . Also I was afraid they were going to be fakes but they are the real deal.",1,2020年8月20日 00:00:00
Wrap_3,Al H.,5,Best lenses I’ve ever looked through.,1,2020年7月24日 00:00:00
Wrap_3,Lyndsey,5,"These are amazing. I'm a big man with a big head, and these fit perfectly, without looking small. The vents are nice, but they still fog up if I go from cold truck AC to 110 degree humid Texas air, which is to be expected. They also do great when riding my motorcyle. I couldn't be happier with these.",1,2020年7月16日 00:00:00
Wrap_3,mjcoulter,4,"I thought the price was too good to be true.  I got Costas but the ones I got must be ""seconds"" or have defects where they cannot be sold at retail.  Right lens is loose and easily pops out.  Would not buy again.",1,2021年2月26日 00:00:00
Wrap_3,Alexandria Feltman,5,Bought before and lost them in the water. Bought the exact pair again.,1,2021年2月20日 00:00:00
Wrap_3,Jim Waller,5,"I have had many pairs of Costa's and love them.  If you ever have an issue, they are great to work with and take care of you fast!",1,2020年12月29日 00:00:00
Wrap_3,Brendon Y. Dawson,5,The type of glasses you expect from Costa del mar.,1,2020年12月27日 00:00:00
Wrap_3,Jim Gillen,5,Fit well.,1,2020年11月29日 00:00:00
Wrap_3,David W. Sipples,5,Fishing n driving.  Awesome,1,2020年10月12日 00:00:00
Wrap_3,Jason Grev,5,"Great sunglasses, unfortunately I have a large head and the glasses were too small for me. More detailed info on size of glasses would be helpful in description. Thx",1,2020年7月19日 00:00:00
Wrap_3,Matthew Johnston,5,I wanted a pair of polarized glasses for fishing and I have always bought cheap but decided to spend the extra money. As soon as I put them on I could tell the difference in the lenses. I might even buy another pair,1,2020年4月13日 00:00:00
Wrap_3,M. Anderson,5,"Love Costa’s customer service and how quickly they respond to issues. Whether repairs or warranty work, they always come through. The glasses themselves are also great and there are tons of choices of frames and lenses. Have worn so many brand names over decades and I’ll stick with Costa!",1,2020年3月15日 00:00:00
Wrap_3,kenneth marsh,5,"Fantastic glasses, my new favorite and fantastic service from sellers!",1,2021年4月15日 00:00:00
Rimless_5,James s,3,Look ok but made for someone with a smaller head,1,2021年4月8日 00:00:00
Rimless_5,Dustin S Childress,5,The best way to explain these glasses is to tell you these glasses are like sex on your eyes!!!!,1,2021年3月18日 00:00:00
Rimless_5,Coffee Lover,3,"I ordered these to replace a pair of misplaced Costa Tuna Alley glasses.  Even though Costa says they are sized the same, these Saltbreaks are more narrow.  Also, the reflective coating creates halos around oncoming traffic's daytime running lights.",1,2021年2月8日 00:00:00
Rimless_5,Heather Smith,5,"Deep Six Sunglasses claims your order will be shipped 2-3 days after you place the order.  They shipped mine the same day!  I got exactly what I was looking for!  This is my 4th pair of Costa’s (losing them sucks), and they are the real deal.  I HATE wearing anything else.  Thank you Deep Six!",1,2021年1月28日 00:00:00
Rimless_5,Amazon Customer,5,The only brand we buy! great quality & also reasonable when need to be repaired! Costa del Mar sunglasses are best for intense sun & sport fishing!,1,2021年1月13日 00:00:00
Rimless_5,Doug Kugler,5,Very comfortable,1,2021年4月11日 00:00:00
Rimless_5,Stover12345,5,Love this product,1,2021年2月7日 00:00:00
Rimless_5,Expectant,5,"Fit well, vision is soo much better through the glass lens",1,2020年9月20日 00:00:00
Rimless_5,Dan Clark,5,My second pair!,1,2020年8月27日 00:00:00
Rimless_5,Gary Wells,4,I like the glasses but the shipping was a week late. I ordered them specifically to take to vacation at the beach and was not able to do so.,1,2020年8月16日 00:00:00
Rimless_5,Matthew Smith,5,Received them just in time for a fishing tournament. Worked great. Way less strain on the eyes than my Oakley’s.,1,2020年8月3日 00:00:00
Rimless_5,Amazon Customer,5,"Glasses were just as advertised, love the lenses and the amber coloring is fantastic.  Frame is beautiful.  Seller shipping was really fast.",1,2020年7月29日 00:00:00
Rimless_5,Annmarie Easley,5,I have always struggled with finding sunglasses that fit my smaller face. These sunglasses fit so well! And they are very comfortable to wear too!,1,2021年4月23日 00:00:00
Rimless_5,Amazon Customer,5,I will never wear another brand of sunglasses!  I live them!!!,1,2021年4月20日 00:00:00
Rimless_5,Erich Baumeister,5,"I am unable to wear them as they distort my vision with contacts, wish I could return them, they are in perfect condition!",1,2021年4月9日 00:00:00
Rimless_5,David Kastor,5,Favorite sunglasses,1,2021年3月31日 00:00:00
Rimless_5,michelle burns,5,Awesome fit,1,2021年3月18日 00:00:00
Rimless_5,Leslie Gonce,5,They fit very nice.,1,2021年1月6日 00:00:00
Rimless_5,spankie,5,Great fit and superb lenses. Lovem,1,2020年12月26日 00:00:00
Wrap_4,jdlewis,4,I love them.  They are comfortable and everything looks good through the lenses.,1,2020年12月20日 00:00:00
Wrap_4,David Butler,5,Stylish and Cool - these replaced my 12 yo Man-O-War Coasta’s.,1,2021年4月22日 00:00:00
Wrap_4,Michelle Buchanan,5,"The glasses were very nice, but they were too narrow for my face. I purchased them for fishing, and they allowed a lot of light in on the side.",1,2021年4月17日 00:00:00
Wrap_4,Alondra,5,These were perfect! Got them for SO for vday. His favorite pair!,1,2021年4月9日 00:00:00
Wrap_4,Carol,5,So lightweight you forget you’re wearing them and you don’t see the frames. Love them,1,2021年4月8日 00:00:00
Wrap_4,Andrew Frankel,4,Nothing,1,2021年4月3日 00:00:00
Wrap_4,Amazon Customer,5,Awesome!!!,1,2021年3月30日 00:00:00
Wrap_4,Mr.&Mrs,5,"My husband traded in his go-to Oakleys for Costa Del Mar and as our anniversary approached, there was only one thing to do.-grant his wish. He works outsiders all day, everyday and the comfort, UV protection and it’s resilience to scratches makes it his new go-tos for at least a few more years. Looking for dressy pair of costa Del Mar’s for those nights out.",1,2021年3月27日 00:00:00
Wrap_4,LC,5,"Like the comfort, quality and the way that they fit my face",1,2021年3月14日 00:00:00
Wrap_4,TeamE,4,"Actually returned these for a pair of fantail’s, which were the same price. The Costa brand is fantastic, as I own 4 pair of men’s sunglasses. And my wife also owns a pair.",1,2021年3月1日 00:00:00
Wrap_4,Rubén ?lvarez Ortiz,5,Súper livianas y cómodo,1,2021年4月23日 00:00:00
Wrap_4,Pablo Cordero,5,"I actually bought this item thinking it was a jump rope lol it came on a timely schedule and is as described, if you actually read what the item is",1,2021年3月14日 00:00:00
Wrap_4,LORRAINE BALDWIN,5,"I like this lanyard as the one I had before, tangled in my hair. This one does not!??",1,2021年2月7日 00:00:00
Wrap_4,Adam,5,Great,1,2021年2月7日 00:00:00
Wrap_4,Sergio Nodarse,5,Perfecto,1,2021年2月6日 00:00:00
Wrap_4,Gretta ?lvarez artiaga,5,"Me gusto mucho, le veo buena calidad",1,2021年2月6日 00:00:00
Wrap_4,Sherry,5,Stays on the sun glasses great.,1,2021年1月21日 00:00:00
Wrap_4,Stephanie,3,Is not very comfortable to use and makes the glasses look weird when in use,1,2021年1月6日 00:00:00
Wrap_4,WX_Guy,4,"Comfortable,  lightweight, effective.  The mono can be a little stiff but I like that because it does not hang on my neck.  Also,  over time,  the rubber does not grip as well.  I used a piece of a medium rubber band on my hammerheads and slipped the rubber over the glasses with the rubber band.  Grips even better than new and since I leave them on my glasses,  it works for me.",1,2021年1月2日 00:00:00
Wrap_4,Barry Lee,4,"Work well to keep sunglasses from falling into the water.  The mono twists, I think Cables are a better value.",1,2020年11月30日 00:00:00
Rimless_7,Btteachr,5,They fit me perfectly.  I love the quality.  Super sunglasses,1,2021年4月21日 00:00:00
Rimless_7,KDEAN333,5,Disliked price but Love them overall,1,2021年4月20日 00:00:00
Rimless_7,kayla winslett,5,Light weight,1,2021年4月16日 00:00:00
Rimless_7,Mary Klabunde,5,Amazing!! Love the fit and feel. They are perfect for my face.,1,2021年4月15日 00:00:00
Rimless_7,Ashlie Mars,5,Very happy with these. Lightweight. Fit great. Price was wonderful,1,2021年4月13日 00:00:00
Rimless_7,Michaelene Willman,5,They are exactly as described.,1,2021年4月12日 00:00:00
Rimless_7,Trasi Grant,5,Absolutely love these glasses!,1,2021年4月2日 00:00:00
Rimless_7,Amazon Customer,5,They fit my face and are comfortable!,1,2021年4月1日 00:00:00
Rimless_7,Remy Arce,5,Quality and fit is superb,1,2021年3月19日 00:00:00
Rimless_7,Nydia villanueva,5,Like!!!,1,2021年3月18日 00:00:00
Rimless_7,Kak,4,"Nice light weight glasses, very clear and comfortable to wear. The only reason that I couldn't give 5 star s was that there wasn't as much peripheral view as some of the other high end glasses I own. They are quality glasses, which i opted for the glass lense instead of plastic ones,  just having that extra viewing area does make a difference especially on a boat and water clarity is not great to see obstacles in the water when not constantly looking down for obstacles and trying to concentrate on fishing at the same time. Otherwise a great pair of glasses. May have chosen different model if I was in a store and not online.",1,2021年4月22日 00:00:00
Rimless_7,Yisel Molina,5,Buenos,1,2021年4月15日 00:00:00
Rimless_7,WJB1,5,"Although they are a tad heavier with the glass lenses, it is worth the extra money to get the clarity.",1,2021年4月5日 00:00:00
Rimless_7,MaCalah Weaver,5,My dad loves these! Well worth the price!!,1,2021年3月31日 00:00:00
Rimless_7,DM,5,Got these for a gift!,1,2021年3月25日 00:00:00
Rimless_7,m miller,5,Excellent glasses! 100% authentic at a great price. My first pair had issues after three years of high use and were replaced by Costa under warranty. How’s that for proof of authenticity? Have since bought another pair. Very satisfied.,1,2021年3月15日 00:00:00
Rimless_7,Amazon Customer,5,I bought them for my husband for Christmas. He loves them and still uses his old pair for work. Definitely would purchase again,1,2021年3月13日 00:00:00
Rimless_7,Bobbie Crawford,5,"They are exactly what I ordered. 100% real. Came with case, lens cloth, authenticity card, warranty info, and glass lenses.",1,2021年4月20日 00:00:00
Rimless_7,David Milligan,5,Thumbs Up,1,2021年4月12日 00:00:00
Rimless_7,Mike n,5,Glasses are cracked right out of the case they came in .. looked like they were broke in the assembly process. I guess the inspectors need glasses themselves .,1,2021年4月10日 00:00:00
Rimless_7,Amazon Customer,5,Costa tuna alley are awesome sunglasses. Use mostly for fishing. Quality product. Great price from Amazon merchant. Would purchase again.,1,2021年4月7日 00:00:00
Rimless_7,Bill Smith,4,Like the fix of the sunglasses. I use this for fishing and work extremely well,1,2021年4月5日 00:00:00
Rimless_7,Shawn Burke,4,Had 580p (plastic) Glass holds up much better.,1,2021年3月30日 00:00:00
Rimless_7,Blake   Messersmith,5,Costa Del Mar Sunglasses Are The Best You Can Get.The Other Top Brands Don’t Come Close.,1,2021年3月27日 00:00:00
Rimless_7,Jonathan Turner,5,10月10日,1,2021年3月27日 00:00:00
Aviators_3,Stephen Povanda,5,Exactly as advertised,1,2021年4月23日 00:00:00
Aviators_3,Julio Rizzo,5,Buenos productos a un buen precio excelente,1,2021年4月21日 00:00:00
Aviators_3,Rusty Marsh,5,Great glasses for the money,1,2021年4月18日 00:00:00
Aviators_3,Dylan,5,I was skeptical about the price at first I purchased the black frames with blue 580 g lenses I was worried they wouldn’t be glass but they are and I’m extremely satisfied they came in the original costa box just as you were getting them in the store.,1,2021年4月14日 00:00:00
Aviators_3,Christi Morgan,5,??,1,2021年4月4日 00:00:00
Aviators_3,Savvy08,5,I bought these for my husband as a gift and he loved them.,1,2021年4月3日 00:00:00
Aviators_3,Nichols Fletcher,5,These are the best sunglasses on the market!,1,2021年3月31日 00:00:00
Aviators_3,Larry Padgett,5,Exactly what I ordered.  Absolutely pleased with purchase!,1,2021年3月20日 00:00:00
Aviators_3,Jeremy S.,5,Good for the money,1,2021年3月16日 00:00:00
Aviators_3,Amazon Customer,5,This is the Genuine Costa Sunglasses at a Great Price!!,1,2021年3月10日 00:00:00
Aviators_3,Cesar Hidalgo,5,Excelente,1,2021年4月25日 00:00:00
Aviators_3,Rachel Cabada,5,Nothing I liked them alot,1,2021年4月24日 00:00:00
Aviators_3,Timbo,5,Great light weight feels comfortable and they work and look good too,1,2021年4月23日 00:00:00
Aviators_3,Kevin,5,"I’ve had a lot of Costa Del Mar glasses, and currently own several styles. These are my favorite. I like larger frames, and these do the trick. Fits larger heads, but isn’t too wide. Just a perfect fit, and the lens shape is great.",1,2021年4月21日 00:00:00
Aviators_3,Andrew Owens,5,"Great quality glasses. Great sight picture through the glass lenses. They are a bit heavier in your hand, but once on your face you do not notice. Very comfy to wear all day.",1,2021年4月20日 00:00:00
Aviators_3,John Phillips,5,Great Product - Would recommend to anyone with a bigger head,1,2021年4月19日 00:00:00
Aviators_3,chris rossey,5,"Never been one to drop a lot of money on sunglasses but a buddy of mine had a pair of costas and told me they were well worth the money. Did a lot of research on what size,style and colored lenses for fishing. And I must say they're worth every penny. If you're even considering buying your first pair and can afford it don't think twice just get them. You will not regret it!",1,2021年4月17日 00:00:00
Aviators_3,Fltornado,5,Awesome glasses this is my 3rd pair in different colors.,1,2021年4月17日 00:00:00
Aviators_3,Jason Eastridge,5,I love this model. They fit great and are super comfortable.,1,2021年4月14日 00:00:00
Aviators_3,Omar Trinidad,5,Love the sunglasses,1,2021年4月12日 00:00:00
Aviators_3,Steven C. Walters,5,Great value!,1,2021年4月21日 00:00:00
Aviators_16,wilberd merida,5,Excelente compra.,1,2021年4月18日 00:00:00
Aviators_16,Meg1,5,Bought for my farmer husband and he loves them.,1,2021年4月2日 00:00:00
Aviators_16,Daniell Miller-DesMoines,5,Bought these for my hubby for our anniversary and he absolutely loves them! He said they made all the difference when it came to the glare off of the ocean when he was fishing! Would definitely buy them again!,1,2021年3月24日 00:00:00
Aviators_16,Gregory B.,4,Very nice product for the money,1,2021年3月17日 00:00:00
Aviators_16,John,5,Sooo nice!,1,2021年2月22日 00:00:00
Aviators_16,Sherry,5,Very nice. Great for keeping the sun out of your eyes.,1,2021年1月21日 00:00:00
Aviators_16,Amazon Customer,5,Product is very good,1,2021年1月17日 00:00:00
Aviators_16,B,5,The glasses are so comfortable and nice!!,1,2021年4月25日 00:00:00
Aviators_16,Vanessa,5,N/a,1,2021年4月24日 00:00:00
Aviators_16,Ryan Burris,5,This is the second pair I have bought off of Amazon. Love the look and fit. The price here is always great. Will probably buy more.,1,2021年4月21日 00:00:00
Aviators_16,Joe Princiotta,5,The glasses were just as described in the overview. Very lightweight and comfortable,1,2021年4月16日 00:00:00
Aviators_16,Barrie L.,5,This was a birthday gift for my husband. He put them on for a test drive. Its hard to buy sunglasses for someone else. He mentioned the comfort on his nose and it wasn't too tight behind his ears. Whew !! I hit the mark on this one.,1,2021年4月14日 00:00:00
Aviators_16,Amazon Customer,5,Love my Costas. This is my 2nd pair. I wo t buy any other brands,1,2021年4月12日 00:00:00
Aviators_16,Johnathan M.,5,"Really great size. Not huge, but a good size, and fits the face well. Lightweight, but feel like quality.",1,2021年4月9日 00:00:00
Aviators_16,SEA Dude,5,"Have always heard how awesome Costa sunglasses are... and the hype is real! Theres a reason why people who live in the sun, often on a boat wear these glasses. They are extremely comfortable, very stylish, and perform. I have owned many different pairs of polarized sunglasses in the past, but these lenses are the clearest I have ever worn. I opted for the glass lenses and they are still very lightweight. I have a medium sized face and opted for the smaller ""Rinconcito"" model and they fit great, still on the large side, but very stylish and have great coverage for my face. Highly recommend these shades!",1,2021年4月6日 00:00:00
Aviators_16,Jeremy,3,"Comfortable and effective, but they're kind of small and look strange on me. Wish the lenses were a little taller and wish the classes had less of a curve, look more like fighter pilot classes or something. Going to switch them out for the Spearo model",1,2021年4月23日 00:00:00
Aviators_16,Jose LABRADA,5,Las mejores lentes de sol la recomiendo,1,2021年4月23日 00:00:00
Aviators_16,Rubén ?lvarez Ortiz,5,Me encanta porque no me molesta el sol,1,2021年4月23日 00:00:00
Aviators_16,c.e.pantazes,5,Perfect!! Purchased for a gift,1,2021年4月22日 00:00:00
Aviators_16,Steven R.,5,"Love these Costa's. Had two pairs of the Fathoms previously, and I hands down like these much better.",1,2021年3月23日 00:00:00
Aviators_16,Amazon Customer,5,Exactly what we wanted,1,2021年3月21日 00:00:00
Aviators_16,Tina,5,Love the color and it came with an extra retainer from Shadesdaddy!,1,2021年4月1日 00:00:00
Aviators_16,Charlene Meredith,5,"Love it, the color I love too",1,2021年3月21日 00:00:00
Aviators_16,elianid diaz perez,5,Perfect,1,2021年3月10日 00:00:00
Aviators_16,David Wilkinson,5,Very good strap..,1,2021年3月9日 00:00:00
Wrap_11,edwin,5,Nice product,1,2021年3月6日 00:00:00
Wrap_11,GratefulOwsley,5,"Finally found a pair thatll stay on my glasses while fishing, working, gardening, and chemical applications",1,2021年2月25日 00:00:00
Wrap_11,Ryan,5,Pretty all around good product I liked it fits well and won’t come off my sunglasses at all haven’t really used due to winter but think they will do the trick in the summer,1,2021年1月17日 00:00:00
Wrap_11,Maria munoz,5,Really good will recommend,1,2020年11月16日 00:00:00
Wrap_11,Roberto Luna Ortiz,5,The best retainer I have purchased.,1,2020年10月15日 00:00:00
Wrap_11,Ceegee Strickland,5,I like the the go great with my costas,1,2020年10月9日 00:00:00
Wrap_11,Amazon Customer,5,The material is fantastic because the glasses don't slide off of my nose like some of the other models. Great polarization for on the water use. Highly recommend.,1,2020年7月10日 00:00:00
Wrap_11,Amazon Customer,5,Great price and fast shipping!! Very happy with my purchase.,1,2020年1月21日 00:00:00
Wrap_11,Gerald Genna,5,A++,1,2019年7月20日 00:00:00
Wrap_11,Camille,5,Such cute glasses! Great price and very comfortable. They fit well and aren’t too heavy. Practical carrying case included as well.,1,2019年5月10日 00:00:00
Wrap_11,YuyuB,5,I absolutely love these glasses it is my 4rth pair of Costas and they fit comfortably and I love that they are made with recycled materials I got many compliments !,1,2019年3月4日 00:00:00
Wrap_11,Bo Markovic,5,I've used Maui Jim for a long time.  This is my first pair of Costa glasses.  I am impressed by the clarity and how comfortable they are.  In my opinion they are a little less durable than tbe Maui glasses but for 100$ less than the comparable competition it's worth the buy.  No glare on the boat and can see the fish very well.,1,2021年4月24日 00:00:00
Wrap_11,Raisa,5,Product is perfect,1,2021年4月22日 00:00:00
Wrap_11,Matthew Rinlee,5,Real glass folks.  580G.  $100 off retail.,1,2021年4月14日 00:00:00
Wrap_11,Victor Gutierrez,5,"Excellent product, love my Costa’s.",1,2021年4月10日 00:00:00
Wrap_11,Robert Peardon,5,I love the sunglass they fit very well and block the sun out,1,2021年4月9日 00:00:00
Wrap_11,HolzyC,5,These are the best glasses o have ever owned,1,2021年4月3日 00:00:00
Wrap_11,andrew black,5,Love my Costa glasses,1,2021年3月31日 00:00:00
Wrap_11,Michael A Molle,5,I like the look in the feel of these glasses I am going to order another pair in a different color that’s how much I like them,1,2021年2月19日 00:00:00
Wrap_11,Elizabeth gonzalez,5,Perfecto mejor de lo q esperaba recomendadoo,1,2020年12月17日 00:00:00
Wrap_24,Christian Morton,5,Perfect sunglasses.,1,2020年9月7日 00:00:00
Wrap_24,Josh483,5,I love the comfort and look. The lenses are so clear. They take the glare away on the water and they stay on my face at high speeds.,1,2020年8月12日 00:00:00
Wrap_24,A Roth,5,Got a good product for my money.,1,2020年7月11日 00:00:00
Wrap_24,Shannon Durrence,5,"Love the glasses, they look great and feel great for a fantastic price",1,2020年5月11日 00:00:00
Wrap_24,Julia Mack,5,"First pair of actual costas! LOVE them! FAST shipping, arrived a day early. Super happy with them. lightweight and polarization is perfect!",1,2020年5月4日 00:00:00
Wrap_24,Christy R.,5,"I got these with my birthday money in the summer of last year. ANDdddd, I have to say this purchase was definitely money well spent! They are ABSOLUTELY comfortable on my face. Not too heavy, too big, too tight around my temples or anything. (I get a lot of headaches from heavy stuff weighing on my nose & I don’t have any trouble with these) This was a GREAT purchase. If your reading other reviews that are negative. I don’t believe they got their glasses from this site cause mine are well worth the money!!????",1,2020年4月16日 00:00:00
Wrap_24,Kenny Watkins,5,Great product and fair price,1,2019年9月19日 00:00:00
Wrap_24,Chasamys,5,Arrived earlier than projected. Great fit and the clarity verses my other name brand sunglasses is incredible. Great buy.,1,2019年8月27日 00:00:00
Wrap_24,Angela Rhodes,5,"I was hesitant at first, but I went ahead and ordered and I was not disappointed. Came with REAL costas, the case, the wipe, all in the original costa box. I have had these same glasses before so I knew what to expect with how they are made and I love them!",1,2019年6月29日 00:00:00
Wrap_24,Mitch Woodall,5,Awesome glasses!,1,2019年6月7日 00:00:00
Wrap_24,Art T.,3,This is the first plastic lens Costa that I have purchased. The overall quality did not seem to be up to their  high standards. The nose piece is completely different from the identical model that I purchased five years ago and therefore did not fit as well.,1,2020年9月6日 00:00:00
Wrap_24,Graham,5,"Great customer service, great products for a fabulous price",1,2020年8月29日 00:00:00
Wrap_24,Ron,5,"Comfortable, look good, great view. Money well-spent!",1,2020年4月30日 00:00:00
Wrap_24,Monica L,5,"Would buy again, probably will in a different color.  Husband was very happy!",1,2020年2月19日 00:00:00
Wrap_24,Tugboat,5,"My third pair, great quality",1,2020年2月9日 00:00:00
Wrap_24,Amazon Customer,5,well made,1,2020年2月8日 00:00:00
Wrap_24,John T.,5,These sunglasses are great. I have worn Costa for years. I won’t wear anything else.,1,2021年1月24日 00:00:00
Wrap_24,Bryan Griffin,5,I love the fact that there very light and easy to wear with my hearing aids. Also love how clear everything looks .,1,2020年12月12日 00:00:00
Wrap_24,Nikki G,5,Love these sunglasses. So light weight.,1,2020年8月10日 00:00:00
Wrap_24,Celester,5,They feel fragile but I keep them in their case.  I find the light weight to be a positive otherwise. They slightly touch my cheek but I don't care because they are my favorite shades. I love the rust color. It lets in more light than my other glasses which is why I purchased.  I also enjoy the rounded shape.,1,2020年2月11日 00:00:00
Wrap_24,harry,5,"This is my second pair, they are just as good as the one I purchased in a retail store.",1,2021年3月21日 00:00:00
Wrap_24,BJA,5,Adjusts easily and grips glasses tight.,1,2021年4月20日 00:00:00
Wrap_24,cathryn cremens-basbas,5,"Convenient, secure, lightweight",1,2021年3月28日 00:00:00
Wrap_24,Amazon Customer,5,"These are a perfect fit on my new Costa Fisch sunglasses.  I have used other adjustable holders in the past, but i like this one better.  The ends fit snug on my Fisch sunglasses.",1,2021年3月15日 00:00:00
Aviators_2,Ray,5,These are the best eye glass straps that I have owned.  They are very lightweight and don't interfere with other clothing. They easily adjust for the right position when taking them down to hang around the neck.,1,2020年8月14日 00:00:00
Aviators_2,Chris Evans,5,Thumbs up,1,2021年2月11日 00:00:00
Aviators_2,James S,5,Love these sunglasses plain and simple. My new favorite and wear them anytime I can.,1,2021年2月1日 00:00:00
Aviators_2,David Sartain,5,Great glasses. They came with all the documentation.,1,2020年5月12日 00:00:00
Aviators_2,Paul K.,5,Fit my big head. Sent back Ballast.,1,2019年12月8日 00:00:00
Aviators_2,JP,5,Love this brand of sunglasses. Amazon had these at the lowest price I could find anywhere and with fast Prime shipping I couldn’t be happier with my purchase.,1,2019年9月9日 00:00:00
Aviators_2,Snapdragon,5,Expensive but Costa is good,1,2019年5月13日 00:00:00
Aviators_2,PC Plummer,5,Bought these March 2018 wore them alot in 14mos & they started to show some wear.  Small cracks in both lenses where they are screwed on so I reached out for a (free) repair.  Sent them back to Costa and less than 2 weeks later I just got a brand new pair back.  Only expected a repair but to replace them entirely gets a 100% satisfied customer review from me.  Great quality glasses & super light on your face totally recommend Costa sunglasses.,1,2019年5月13日 00:00:00
Aviators_2,Amazon Customer,5,Fit nicely light weight,1,2019年5月6日 00:00:00
Aviators_2,Tigerp34,5,Awesome,1,2018年10月27日 00:00:00
Aviators_2,Dawn M Shechtman,5,They are great,1,2018年7月22日 00:00:00
Aviators_2,jpalko,4,"Sun glasses are nice and feel good and work as advertised; however, the plastic feels thin and cheap compared to my old pair.",1,2020年3月5日 00:00:00
Aviators_2,Dino m,5,Costas r that good,1,2019年6月8日 00:00:00
Aviators_2,Jeff,5,Great deal,1,2019年4月30日 00:00:00
Aviators_2,Amazon Customer,5,Perfect for offshore fishing!,1,2016年12月18日 00:00:00
Aviators_2,Brad A. Blaich,5,"Great sunglasses!  They take a little getting use to in low or indirect light because of the bi-focal line, but in bright direct sunlight these glasses really perform!  Great for fishing or other outdoor activities.",1,2016年5月31日 00:00:00
Aviators_2,Amazon Customer,5,"Not my first pair, they were exactly what I expected.",1,2016年5月22日 00:00:00
Aviators_2,Larry S.,5,"So far so good, larger sidearms prevents light from getting in and distorting vision. Optics are awesome",1,2020年9月6日 00:00:00
Aviators_2,canberra,5,Super contrasts and great glass. Very comfortable. Best pair of sunglasses I've owned.,1,2017年9月17日 00:00:00
Aviators_2,Dominick Pannozzo,5,I have purchased several Costa Del mar over the yrs and this last purchase fits well has a larger lens and soothing to the eyes.,1,2021年2月8日 00:00:00
Aviators_2,James Forshey,5,Excellent for the price,1,2021年2月7日 00:00:00
Aviators_2,RaLpHyAp,5,I love them tey are great,1,2020年7月2日 00:00:00
Aviators_2,Carolee Sanguedolce,5,The best glasses out there.,1,2019年12月26日 00:00:00
Aviators_2,ELLIOT S. DINES,5,I LOVE Costa!,1,2020年12月2日 00:00:00
Aviators_28,Brian C Blankenship,5,Great fit and style.  Love these sunglasses.,1,2018年10月7日 00:00:00
Aviators_28,J.R.,4,I normally look stupid in aviator glasses but these look very nice on me. The lenses (580) are polarized and offer wonderful clarity both on the water and if you’re driving down the road. They’re a bit on the heavy side and become uncomfortable on the bridge of the nose after a while. This ultimately resulted in the 4-Star rating.,1,2018年5月4日 00:00:00
Aviators_28,juan c maggi,5,Fantastic product and service.,1,2017年12月22日 00:00:00
Aviators_28,Jessix14,5,"Nice fit. I really like them. Sturdy, on the heavier side.",1,2021年4月7日 00:00:00
Aviators_28,Betty Hernandez,5,They are GORGEOUS,1,2021年3月31日 00:00:00
Aviators_28,Krissy,5,Love them,1,2021年1月28日 00:00:00
Aviators_28,Megan Patton,5,Love them!! They are a little heavy but I like that since I don’t feel like they will break easily.,1,2021年1月6日 00:00:00
Aviators_28,Ignacio Escobar,5,The wife loved them.,1,2020年12月29日 00:00:00
Aviators_28,Mr. Brown,5,"Bought for wife, she picked them out at a brick and mortar store but the price was a lot higher. Wears them daily so I’d say they are good to go.",1,2019年12月28日 00:00:00
Aviators_28,Richard S.,5,As described. Lens is etched 580,1,2019年11月8日 00:00:00
Aviators_28,Josh B.,3,Extremely wide fit. Falls off my face every time I look down.,1,2019年9月18日 00:00:00
Aviators_28,Dawn Hardie,5,This is my 3rd pair of glasses because I love them that much! I keep losing them.. :( The vision clarity is so clear.  YOU will love these!,1,2020年11月10日 00:00:00
Aviators_28,Clint Bridwell,5,"Light, flexible, high quality! This is my second pair to order. I’ll continue getting these in the future!",1,2020年7月23日 00:00:00
Aviators_28,matti,5,More durable than Maui Jim. AND MADE IN THE USA!,1,2020年3月5日 00:00:00
Aviators_28,Eliezer,5,Is very very good,1,2019年5月6日 00:00:00
Aviators_28,Frankie,5,Great light weight frames,1,2019年1月2日 00:00:00
Aviators_28,JackHuntDog,5,Excellent sunglasses.  Great for inshore boating/fishing. Authentic Costa’s - 580P etched on lens.,1,2018年11月1日 00:00:00
Aviators_28,Joe Banach,5,"Awesome lenses, feel rather sturdy for frameless. Perfect fit for my big head??",1,2017年9月26日 00:00:00
Aviators_28,Garth Maree,5,"Great fit, good coverage around the sides to prevent glare",1,2021年3月1日 00:00:00
Aviators_28,Lee,5,"These sunglasses provide the most clear view of any sunglasses that I have ever owned. In addition, the view into the water was the best that I have ever experienced. The only issue I had was finding a pair that fit well.",1,2020年8月6日 00:00:00
Aviators_28,Ameen,5,This is the best sungglasess,1,2020年8月20日 00:00:00
Aviators_28,Andy,5,Like looking at the world through an HD lens!,1,2020年6月18日 00:00:00
Aviators_28,DENNIS CLARK,5,Great product and price and ordering and delivery was great as well I am very pleased,1,2019年8月1日 00:00:00
Aviators_28,strawn loman,5,Just as described. I love the fit. No sun light gap around eyes. I'm a swimming pool contractor and fish a lot so these are perfect for around water all the time. This is my second pair of Costa's. I'd buy here again and cheaper than Costa direct and better customer service with Amazon than Costa in my past experience.,1,2018年5月21日 00:00:00
Aviators_28,Sherry,5,Gift for my son - his 3rd pair ... he loves them.,1,2016年12月7日 00:00:00
Rimless_6,Rodrigo Rodriguez,5,Sunglasses fit just fine. No issues.,1,2016年6月25日 00:00:00
Rimless_6,saba,5,It's a great product! I did a lot of searching and finally decided to buy these. It is the only glasses that doesn't hurt my eye. High quality material with a reasonable price.,1,2021年4月19日 00:00:00
Rimless_6,Rene Aguilar,5,Color,1,2019年11月3日 00:00:00
Rimless_6,DON CARY BOUNDS,5,great---love them,1,2019年9月12日 00:00:00
Rimless_6,Amazon Customer,5,Perfect,1,2019年9月5日 00:00:00
Rimless_6,Ytag,5,"Great lens,  light frame",1,2019年1月10日 00:00:00
Rimless_6,Glenn Eugene Ray,5,Everything is great.,1,2021年2月9日 00:00:00
Rimless_6,Kristopher McNeil,3,"Love these glasses. However, the rubber pad that goes around your nose will fall off. If you're going to be in the water or sun very often then I would suggest looking for an option that's all plastic. I've had two pair of Costas and its happened to both within a year.",1,2020年4月18日 00:00:00
Rimless_6,JR,5,"I have been a customer of costa del mar for years which I consider the best sport fishing glasses, great attention to craftsmanship, attention to detail, not to mention the best fishing  sunglasses on the planet!",1,2020年3月8日 00:00:00
Rimless_6,Amazon Customer,5,Nice I love,1,2019年11月9日 00:00:00
Rimless_6,Jenny P.,5,Happy with purchase,1,2019年1月26日 00:00:00
Rimless_6,Jerry Boehm,5,Best Costa's ever! Love them I wear them every day.,1,2018年6月18日 00:00:00
Rimless_6,David A Dribben,5,"Great fit, very comfortable and outstanding clarity. O would definitely recommend these sunglasses!",1,2017年7月8日 00:00:00
Rimless_6,TheMod1,4,The only thing I would say negative is that they are a little bit too wide/large for a woman's face,1,2017年5月10日 00:00:00
Rimless_6,Stephanie Tienter,5,I ordered these for my husband on a Thursday night and they arrived Saturday morning! I was a little hesitant about buying designer eyewear online but after days of researching I took a chance and boy am I glad I did. They are exactly what you see in the picture and the specs are exactly what they stated. They are authentic Costa which was a major concern to me and my husband. He loves them! I highly recommend ordering from DesignerBrandGurus!,1,2017年3月14日 00:00:00
Rimless_6,Christina,5,They fit my fat a$$ head perfectly.,1,2021年4月11日 00:00:00
Rimless_6,Amazon Customer,5,love the hat,1,2021年4月17日 00:00:00
Rimless_6,tammy burroughs,5,Great looking hat,1,2021年4月6日 00:00:00
Rimless_6,Dale D.,5,It fits wonderfully and looks really good.,1,2021年3月31日 00:00:00
Rimless_6,Jacob hoxworth,5,Love it,1,2021年2月15日 00:00:00
Aviators_18,Cindy Nelson,5,Fits well,1,2021年2月9日 00:00:00
Aviators_18,Amazon Customer,5,"The colors of the hat arrived as pictured, and the velcro adjustment on the back is strong sturdy and effective.",1,2020年9月19日 00:00:00
Aviators_18,Amazon Customer,5,Love it,1,2020年9月12日 00:00:00
Aviators_18,Patricia Suggs,5,Great hat!,1,2020年6月30日 00:00:00
Aviators_18,Joseph Traylor,5,Love the color and quality of material,1,2021年4月23日 00:00:00
Aviators_18,Steelheadmutha,5,Safety/ Sun/ prescription glasses. I use these for almost all my glasses retention.,1,2021年4月7日 00:00:00
Aviators_18,Kindle Customer,5,Very good product for the money,1,2021年4月3日 00:00:00
Aviators_18,Kyle Chermansky,4,"I like everything about it other than they way it secures to the ear piece.  If you wear any kind of headphones which I do for exercise and at work it squeezes the plastic piece to your head and starts to ache after a while. If you’re not a person that wears headphones then this is a great product!  It has a pretty good length for people who want their glasses to hang lower, but also adjustable if you want shorter.",1,2021年3月13日 00:00:00
Aviators_18,Young0802,5,Ear peices didnt connect the way I expected..but it's fine. Doesnt hurt or rub my ears.,1,2021年3月4日 00:00:00
Aviators_18,Amazon Customer,5,Perfect for people who wear sunglasses a lot but don’t like putting them on top of their head.,1,2020年11月9日 00:00:00
Aviators_18,Lena,5,Perfect for my Costa sunglasses!,1,2020年10月20日 00:00:00
Aviators_18,Matt,5,Fitted great and simple to install!,1,2020年10月12日 00:00:00
Aviators_18,Karen B.,5,Product does what it is suppose to!!,1,2020年9月28日 00:00:00
Aviators_18,Blanca colon,5,Igual,1,2020年9月28日 00:00:00
Aviators_18,Ryan S.,5,"I really like these glasses! Comfortable and fit my narrow face well. One piece of advise is to reread the description as it changes based on what lens color you choose. I wanted glass lenses and didn’t realize when I selected different color it changes the description from glass to plastic lenses. I returned them and ordered another pair that were glass, just a different color.",1,2020年1月30日 00:00:00
Aviators_18,Prime Pro,5,I absolutely love these. They are 100% authentic Costas they. They come with a nice carrying case and they are crystal clear. I bought them for fishing with the 580p polarized lenses and I am not disappointed.,1,2019年10月1日 00:00:00
Aviators_18,Calista,5,Love how you can see through the water and the blockage from the sun!,1,2019年6月28日 00:00:00
Aviators_18,henry,5,Good fit. Good for sunny days. Great for overcast days.,1,2019年2月15日 00:00:00
Aviators_18,Matt,5,nice glass,1,2018年12月28日 00:00:00
Aviators_18,bond,4,A lot of compliments. Great product my 3rd pair. Only issue is after about 1 month of every day use they start to get uneven. It happened to all 3 pairs  Not sure why I tried tightening the screws but it didn’t  I should be able to wear another few months before it’s too noticeable,1,2018年12月9日 00:00:00
Aviators_18,Brendan Lawson,5,Great quality- 100% real. There my daily driving sunglasses and I love them!,1,2018年9月30日 00:00:00
Aviators_18,Mike J. Mapes,4,Nice shades but they are quite small (as advertised). I have a small face and these are actually a little small but passable. The vision through the 580P lenses are very clear. I wish they made thase glasses in a medium rather than just a small.,1,2018年8月27日 00:00:00
Rimless_12,Matt Mehrhof,5,Awesome sunglasses. Nothing beats a pair of Costas,1,2018年8月10日 00:00:00
Rimless_12,g8tr21,5,"Great Sunglasses, they fit well and look good. Costas are the best...",1,2021年3月29日 00:00:00
Rimless_12,Amazon Customer,5,Love them,1,2020年12月18日 00:00:00
Rimless_12,go4nh,5,I use to only wear Maui Jim's until I bought my first pair of Costa's now I have 6 pair. If your on the water or not just buy them. My wife loves hers with built in readers! Maui's repair service is way better and they also make a fantastic product IMHO.,1,2020年2月26日 00:00:00
Rimless_12,Jared bikers,5,Great pair of shades.  Costa always a smart choice.,1,2019年9月14日 00:00:00
Rimless_12,Amazon Customer,5,fit is great and the readers are very effective,1,2021年3月18日 00:00:00
Rimless_12,R. W. W.,5,"Since the price was almost $100 cheaper between the 2.0 reader and the 1.5 reader, I went with the 2.0.  The quality was great, but I did return them because the 2.0 reader lens was just too powerful and it wasn’t gonna work for me.",1,2021年3月16日 00:00:00
Rimless_12,Matt Basterson,4,These are great glasses but I don't find them to be great for reading.  The reader area is so small that it's hard to read with them...you have to angle whatever you're reading quite low.,1,2020年12月18日 00:00:00
Rimless_12,Music lover,4,Nice glasses but they seem to be a bit fragile for outdoor glasses.,1,2020年10月8日 00:00:00
Rimless_12,RG,5,"These are my favorite sunglasses, I own several pairs of them, actually 7.  I work in the Florida sun and I can wear these all day long without being uncomfortable.",1,2020年9月24日 00:00:00
Rimless_12,C from Virginia,5,I bought these for myself and they were too small for my face - however they look incredible on my wife so I gave them to her - back to the drawing board for me.  Note if you're looking for a fairly light tint these are for you. If you DON'T like the look where your eyes can actually be seen through the glass then these are not dark enough.. I never noticed it until I tried these on.,1,2017年1月16日 00:00:00
Rimless_12,Joseph Traylor,5,Love the color and quality of material,1,2021年4月23日 00:00:00
Rimless_12,Steelheadmutha,5,Safety/ Sun/ prescription glasses. I use these for almost all my glasses retention.,1,2021年4月7日 00:00:00
Rimless_12,Kindle Customer,5,Very good product for the money,1,2021年4月3日 00:00:00
Rimless_12,Kyle Chermansky,4,"I like everything about it other than they way it secures to the ear piece.  If you wear any kind of headphones which I do for exercise and at work it squeezes the plastic piece to your head and starts to ache after a while. If you’re not a person that wears headphones then this is a great product!  It has a pretty good length for people who want their glasses to hang lower, but also adjustable if you want shorter.",1,2021年3月13日 00:00:00
Rimless_12,Young0802,5,Ear peices didnt connect the way I expected..but it's fine. Doesnt hurt or rub my ears.,1,2021年3月4日 00:00:00
Rimless_12,Amazon Customer,5,Perfect for people who wear sunglasses a lot but don’t like putting them on top of their head.,1,2020年11月9日 00:00:00
Rimless_12,Lena,5,Perfect for my Costa sunglasses!,1,2020年10月20日 00:00:00
Rimless_12,Matt,5,Fitted great and simple to install!,1,2020年10月12日 00:00:00
Rimless_12,Karen B.,5,Product does what it is suppose to!!,1,2020年9月28日 00:00:00
Rimless_12,Blanca colon,5,Igual,1,2020年9月28日 00:00:00
Rimless_12,Michaella,5,The fit was perfect! As a faithful Ray Ban wearer I never thought I’d find a pair that I like better than the wayfarer until I found the Costa Remora!,1,2020年6月7日 00:00:00
Rimless_12,Tudor Barratt-Scanes,5,Love these sunglasses.,1,2020年2月11日 00:00:00
Rimless_12,Robert L Browning,5,Wonderful pair of glasses,1,2020年1月8日 00:00:00
Aviators_1,joseph,3,Run a little small and gave me head aches. I returned them.,1,2019年9月7日 00:00:00
Aviators_1,Allen D.,5,Glass lenses are awesome. They hold up against scratches way better than plastic version,1,2019年8月4日 00:00:00
Aviators_1,Amazon Customer,5,Great fit. My favorite glass by far from costa.  Lightweight and comfortable.,1,2019年7月9日 00:00:00
Aviators_1,jeff,5,Look great. Seem a little small.,1,2019年6月8日 00:00:00
Aviators_1,Winston,5,Fits well,1,2020年7月17日 00:00:00
Aviators_1,Aaron Grannan,5,Costa Del Mar glasses are incredible!  I did not buy from Amazon but bought both pair from local dealer.  Do yourself favor and buy glass lenses.  Plastic scratches and deteriorated quickly around water and sand!  Buy the glass lenses!!,1,2020年2月2日 00:00:00
Aviators_1,Trey S.,4,Not as good as expected but better than those cheaper $25 shades.,1,2020年1月26日 00:00:00
Aviators_1,QueFan,5,Fit and finish is amazing. Costas are the best,1,2019年11月23日 00:00:00
Aviators_1,Amazon Customer,5,Seller was quick to deliver. So far I’m enjoying the product. I would recommend trying on sunglasses somewhere first before you decide.,1,2019年8月4日 00:00:00
Aviators_1,Amazon Customer,5,Awesomeness love these glasses wear them everyday and for all of my 75 Marathons/Ultras!,1,2019年7月25日 00:00:00
Aviators_1,BL,5,Perfect for the SWFL sun.,1,2019年7月6日 00:00:00
Aviators_1,eddie,5,I love the classic aviator look and Costa knocked it out of the park. Love these sunglasses!,1,2021年4月12日 00:00:00
Aviators_1,Georgia,5,"Great quality, fast shipping. True costas.",1,2021年2月24日 00:00:00
Aviators_1,bonnie hofmeyer,5,I love these glasses. The polarization is amazing. They work great on bright sunny days and look cool on you.,1,2021年2月18日 00:00:00
Aviators_1,Mudcat01,5,Been looking for this frame style / 580g lens combo for a while as it’s sold out or discontinued by most retail. Thanks for the great transaction and shipping just what I wanted!,1,2021年4月15日 00:00:00
Aviators_1,Kic,5,I liked the quality material and the color is fabulous and fits well,1,2020年9月4日 00:00:00
Aviators_1,Steven Merrill,5,Great glasses at great price,1,2020年8月31日 00:00:00
Aviators_1,Curtis,5,"They are Costa's couldn't ask for a better brand of glasses, this will make set number 3. And I just got my other 2 replacement sets back from Costa they have an amazing warranty program.",1,2020年8月9日 00:00:00
Aviators_1,Barbara J Brewer,5,Love these ..,1,2020年6月12日 00:00:00
Aviators_1,Amazon Customer,5,The best glasses I’ve ever purchased,1,2020年4月15日 00:00:00
Aviators_26,Joshua Williams,5,"Great sunglasses, great deal. Very clear viewing. Thanks.",1,2020年2月15日 00:00:00
Aviators_26,Joseph A Pitonzo,5,"Great glasses,  great price",1,2020年12月14日 00:00:00
Aviators_26,Bo Moore,5,my everyday use and I plan on buying more sunglasses from u,1,2020年8月24日 00:00:00
Aviators_26,masiel,5,Father' Day gift. My husband just love it.,1,2020年7月29日 00:00:00
Aviators_26,wm St.pete,5,I really like this but haven't had the. Long enough to give a good review the price is the same if you bought them from Costa but they are out of stock,1,2020年7月28日 00:00:00
Aviators_26,adrian j brokken,5,Awesome products love to use them on the water!,1,2020年2月24日 00:00:00
Aviators_26,Gabriela Unzaga,5,I got them for my husband and he lives them,1,2020年1月4日 00:00:00
Aviators_26,ivan,5,"Already have a pair of Costa Del Mar Tuna Alley shades and love them. Thought I'd give these Corbinas a shot. Glad I did! My skull is kind of big and wide so can be difficult finding sunglasses that fit well. These felt a smidge snugger than my Tuna Alleys but after wearing for a week they fit perfectly. Like all Costa Del Mar sunglasses, these came with a hard shell case, microfiber lenses wipe, and a sticker. Also love the Costa Del Mar service... when the nose piece on my Tuna's went out about six months ago, I simply sent them to the manufacturer and they repaired free of charge... I just paid shipping. Had them change out the lenses for a nominal price at the same time since I scratched them up pretty good over the years. I have purchased Costa Del Mars for gifts and everyone I've ever given them to has been impressed. Would definitely recommend these shades to friends and family, even at the steep price points.",1,2019年9月17日 00:00:00
Aviators_26,Kim Harvey,5,Hubby loves these sunglasses for fishing!,1,2019年9月8日 00:00:00
Aviators_26,FaintingGoatLady,5,The glasses were purchased as a gift for our son. I bought the same glasses for my husband  at ……….and paid $50. more for the same brand … same style … he  is very pleased,1,2019年3月18日 00:00:00
Aviators_26,George Chalmers,5,"Costa del Mar, a must have for all northern Michigan river fishing enthusiasts!",1,2018年11月5日 00:00:00
Aviators_26,Todd Martin,5,wear on my boat and they really are the best,1,2021年3月22日 00:00:00
Aviators_26,Michael A Molle,5,I like the look in the feel of these glasses I am going to order another pair in a different color that’s how much I like them,1,2021年2月19日 00:00:00
Aviators_26,Elizabeth gonzalez,5,Perfecto mejor de lo q esperaba recomendadoo,1,2020年12月17日 00:00:00
Aviators_26,Christian Morton,5,Perfect sunglasses.,1,2020年9月7日 00:00:00
Aviators_26,Josh483,5,I love the comfort and look. The lenses are so clear. They take the glare away on the water and they stay on my face at high speeds.,1,2020年8月12日 00:00:00
Aviators_26,A Roth,5,Got a good product for my money.,1,2020年7月11日 00:00:00
Aviators_26,Shannon Durrence,5,"Love the glasses, they look great and feel great for a fantastic price",1,2020年5月11日 00:00:00
Aviators_26,Julia Mack,5,"First pair of actual costas! LOVE them! FAST shipping, arrived a day early. Super happy with them. lightweight and polarization is perfect!",1,2020年5月4日 00:00:00
Aviators_26,Christy R.,5,"I got these with my birthday money in the summer of last year. ANDdddd, I have to say this purchase was definitely money well spent! They are ABSOLUTELY comfortable on my face. Not too heavy, too big, too tight around my temples or anything. (I get a lot of headaches from heavy stuff weighing on my nose & I don’t have any trouble with these) This was a GREAT purchase. If your reading other reviews that are negative. I don’t believe they got their glasses from this site cause mine are well worth the money!!????",1,2020年4月16日 00:00:00
Aviators_26,Luke Benson,3,Just a little expensive,1,2021年4月9日 00:00:00
Aviators_26,Amazon Customer,5,"Great price, excellent same day Prime shipping and delivery. Couldn’t have been a better experience.",1,2021年4月7日 00:00:00
Aviators_26,Eddie Laurent,5,I had a pair of Harpoons previous to this pair but I lost them!  I love these sun glasses and highly recommend them.,1,2021年3月18日 00:00:00
Luxury_3,JR,5,Best price I could find. Costs makes great sunglasses with lots of different styles. I love the Harpoon style. Definitely recommend for all boaters and Fishman.,1,2021年2月15日 00:00:00
Luxury_3,Steve pappa,5,The real deal..Awesome price..Every day wear have 3 different pairs...,1,2020年10月24日 00:00:00
Luxury_3,James & Maria Roberts,5,But the glasses are great,1,2020年8月6日 00:00:00
Luxury_3,Michael M.,5,"Costa's are on the pricier side of sunglasses but i have worn them for years and they are worth the investment.  Light and comfortable,  the Harpoon style fit perfectly as they are designed for those with wider profiles.  The performance of the polarization technology is superb.",1,2020年7月13日 00:00:00
Luxury_3,Carebear,5,"Great sunglasses, especially for summer with glare from sun.",1,2020年6月25日 00:00:00
Luxury_3,Sophia,5,Great quality at a reasonable price compared to other vendors.  Came in quickly.,1,2021年3月8日 00:00:00
Luxury_3,Charles Smith,5,I love the leans in them,1,2021年2月4日 00:00:00
Luxury_3,David W Gaul,4,Enjoy the clear view while having my eyes protected.  Light weight as well,1,2021年1月23日 00:00:00
Luxury_3,Nicole Hickman,5,Husband loves these glasses. Reasonably priced.,1,2020年11月7日 00:00:00
Luxury_3,DANIELLE WHIGHAM,5,I have three pair and theses are the bomb.,1,2020年10月9日 00:00:00
Luxury_3,Jeff,5,Great sunglasses!,1,2020年8月4日 00:00:00
Luxury_3,Tiffanie Teel,5,"My husband was so pleased with the difference in the glass lenses from the plastic lenses. He wouldn't have bought this pair with glass for himself because he works outside. However, he said the visibility is distinctly better than the last pair he bought with plastic lenses.",1,2020年7月24日 00:00:00
Luxury_3,David Saldana,5,got them for my husband,1,2020年7月20日 00:00:00
Luxury_3,Jarad Ricketson,5,"Highly satisfied with these glasses, love the style and fit but if I’d known that Costa was moving to China I would’ve found an American made product.",1,2020年6月21日 00:00:00
Luxury_3,Ervin,5,I like the fit and color of the lens,1,2020年3月22日 00:00:00
Luxury_3,sammy,3,"Wow ,  I was shocked at how cheap feeling these Costa's are .  These honestly feel just like a pair of $ 9.99 Walmart off the rack no name sunglasses .",1,2021年4月13日 00:00:00
Luxury_3,Jacob Lamb,5,"Great glasses! I have the Bloke’s and love them, so I decided to give these a try. Not a fan of spring hinger, but these are fairly good. Nice fit and finish, I have a little larger than a 7 3/4” head so I got a serious melon. These fit me good and do not rest on my cheeks like the Fisch or Reefton do.",1,2021年4月3日 00:00:00
Luxury_3,Kaleb O'Brien,5,"After searching my local optometrist office, bass pro, and many other retailers. I was surprised to find the best pricing on Amazon. Glasses shipped quick, and came as described.",1,2021年4月1日 00:00:00
Luxury_3,Cerebro_M_S10e,4,"Too loose, other then that! Nice style.",1,2021年3月19日 00:00:00
Luxury_3,S. Rose,5,Love these glasses. Use them every day.,1,2021年3月1日 00:00:00
Luxury_3,Joey Budd,4,Legit and pretty awesome design. I’ve been a Costa man for over 20yrs. These fit my big melon but they do not fit as good as the Permits or Fisch.,1,2020年12月27日 00:00:00
Luxury_3,Cgomez90,5,These glasses are awesome i should of bought these a long time ago.,1,2020年10月23日 00:00:00
Luxury_3,Justin De La Rosa,5,Would but then again,1,2020年4月29日 00:00:00
Luxury_3,Caitlyn Springer,4,Came in quick! And awesome!,1,2020年3月13日 00:00:00
Luxury_3,Robert Bogucki Jr,5,Super fast. Fantastic seller. Quality unopened product,1,2020年8月5日 00:00:00
Rectangular_6,C0SM0 SIX5,5,"They fit my giant head! Finally no pinching along the stems! The clarity of Costa 580G glass tops it all off. Thanks Costa, big faces everywhere! I wear a 7 3/4 hat FYI on what I consider big head!",1,2021年3月14日 00:00:00
Rectangular_6,Tracy Hird,5,"these Costas are real , 100%",1,2021年2月25日 00:00:00
Rectangular_6,JAB,5,Use to buy oakleys and now I can't stand to wear any of then. Awesome sun glasses! Life is better behind costas. (This is the 2nd pair of Costa and won't buy anything else),1,2017年8月14日 00:00:00
Rectangular_6,Amazon Customer,5,Best Christmas present. He loved them,1,2020年1月6日 00:00:00
Rectangular_6,Casey Dean Sanford,5,Great classes,1,2021年3月26日 00:00:00
Rectangular_6,Luis Montalvo Ayala,5,De buena calidad.,1,2020年5月28日 00:00:00
Rectangular_6,Justin H.,5,Great feel and lightweight!!!,1,2020年1月2日 00:00:00
Rectangular_6,KennyB,5,"Bought 2 XXL shirts, one fits perfect, the other is a little big.",1,2021年4月12日 00:00:00
Rectangular_6,JennaJ,5,"Absolutely love this shirt, will definitely buy more in the future!",1,2021年4月10日 00:00:00
Rectangular_6,Amazon Customer,5,It's a light weight shirt with structure. It's not like old tees.,1,2021年3月27日 00:00:00
Rectangular_6,David L Dahlstrom,5,"Awesome-looking and great-fitting shirt blocks the sun too!  Going out the the ""Blue"" for the big ones!",1,2021年3月24日 00:00:00
Rectangular_6,Christopher L. Smith,5,Absolutely love it. Made with great materials. Looks well made. Good stitching. Love the design. The only suggestion that I can make is they need a greater variety of designs. Very small selection and sizes. I do have to understand the circumstances as far supply goes.,1,2021年2月22日 00:00:00
Rectangular_6,cindy,5,Very comfy,1,2021年2月15日 00:00:00
Rectangular_6,ION NANE,5,Buen producto es lo que esperaba recomiendo 100%,1,2021年2月3日 00:00:00
Rectangular_6,David...,5,Nice shirt and using their chart the size was perfect.,1,2021年1月25日 00:00:00
Rectangular_6,shawn,5,Perfect,1,2021年1月19日 00:00:00
Rectangular_6,Emerging Market Analyst,5,I live in FL and leave my sunglasses in the car.  Typically I buy ones with acrylic lenses.  They have not held up well and usually in about 6 months they start to delaminate.  So far so good with these.  The lenses also seem to be clearer.  I'm a fan,1,2021年4月20日 00:00:00
Rectangular_6,Rick W.,3,These are very nice glasses.  Ufortunately they fit too tight on my head and I had to return them.  If they fit I would have loved to keep them.,1,2021年4月20日 00:00:00
Rectangular_6,Charles partridge,5,I like them better than my maui jims,1,2021年4月19日 00:00:00
Rectangular_6,CharlesS,4,Comfort,1,2021年4月19日 00:00:00
Rimless_8,Timothy,5,Vary clear. Can easily wear on a cloudy day. Vision is vary sharp and clear with these sunglasses on.,1,2021年4月18日 00:00:00
Rimless_8,Jeremy Philo,5,1/3 of the price as costa glass lenses quality is equal,1,2021年4月17日 00:00:00
Rimless_8,shanebabich,5,"These sunglasses are amazing, this is the first pair of real glass sunglasses I  have bought, the clarity is unreal, I have nice pair of new plastic lens sunglasses and when you put them on one right after the other the difference is night and day, wish I would have tried real glass sunglasses 35 years ago. ????way up for B N U S",1,2021年4月17日 00:00:00
Rimless_8,RWells,5,Good deal,1,2021年4月16日 00:00:00
Rimless_8,Johnny L. Patrona,5,Value for money,1,2021年4月24日 00:00:00
Rimless_8,edwin abrille,5,The lens quality is superb. The scratch resistant is great. I've dropped them and  had it hit the dirt. On other pairs would be damaged or scratched. These had no blemish or marks on the lens. So very durable. But the best part about them is that the clarity of the lens is amazing. Soothing in bright sunlight and cuts through the glare without having to squint. I own several pairs of expensive brand sunglasses. I feel the lenses are more clear then my most expensive glasses. Also the style is very complimenting. Seems to be very similar to holbrook's which I like a lot. The frames are extremely durable and will take plenty of abuse without having to worry that your going to break or snap the arms. I accidently sat on them. I have to I was extremely surprised that it survived the rear end crush test.,1,2021年4月22日 00:00:00
Rimless_8,Danny G. Gonzalez,5,Value for the $,1,2021年4月22日 00:00:00
Rimless_8,Claudia B,5,"I like all features. Used for driving,sitting outside.",1,2021年4月22日 00:00:00
Rimless_8,Bi Oli,5,Very good !!,1,2021年4月22日 00:00:00
Rimless_8,A R Garcia,5,"Great styling, good quality, very good value. What more could anyone ask for?",1,2021年4月21日 00:00:00
Rimless_8,Ali,5,They are beautiful and elegant glasses.  But it may be a bit heavy for the glasses that I used previously,1,2021年4月21日 00:00:00
Rimless_8,Patrick Cardwell,4,"Lenses scratched within a few days of regular wear and tear. They’re reasonably lightweight, but not as light as my old pair of RayBan Wayfarers. I bought these as a test run for Oakley Holbrooks. They’re easier on the wallet, but I’m disappointed they scratched so easily. Decent sunglasses for the price.",1,2021年4月21日 00:00:00
